Age,Churn,Department,Education,Gender,JobInvolvement,JobLevel,JobSatisfaction,MonthlyIncome,NumCompaniesWorked,OverTime,PercentSalaryHike,PerformanceRating,RelationshipSatisfaction,TotalWorkingYears,WorkLifeBalance,YearsAtCompany,YearsInCurrentRole,YearsSinceLastPromotion,YearsWithCurrManager
41,1,3,2,1,3,2,4,5993,8,2,11,3,1,8,1,6,4,0,5
49,0,2,1,2,2,2,2,5130,1,1,23,4,4,10,3,10,7,1,7
37,1,2,2,2,2,1,3,2090,6,2,15,3,2,7,3,0,0,0,0
33,0,2,4,1,3,1,3,2909,1,2,11,3,3,8,3,8,7,3,0
27,0,2,1,2,3,1,2,3468,9,1,12,3,4,6,3,2,2,2,2
32,0,2,2,2,3,1,4,3068,0,1,13,3,3,8,2,7,7,3,6
59,0,2,3,1,4,1,1,2670,4,2,20,4,1,12,2,1,0,0,0
30,0,2,1,2,3,1,3,2693,1,1,22,4,2,1,3,1,0,0,0
38,0,2,3,2,2,3,3,9526,0,1,21,4,2,10,3,9,7,1,8
36,0,2,3,2,3,2,3,5237,6,1,13,3,2,17,2,7,7,7,7
35,0,2,3,2,4,1,2,2426,0,1,13,3,3,6,3,5,4,0,3
29,0,2,2,1,2,2,3,4193,0,2,12,3,4,10,3,9,5,0,8
31,0,2,1,2,3,1,3,2911,1,1,17,3,4,5,2,5,2,4,3
34,0,2,2,2,3,1,4,2661,0,1,11,3,3,3,3,2,2,1,2
28,1,2,3,2,2,1,3,2028,5,2,14,3,2,6,3,4,2,0,3
29,0,2,4,1,4,3,1,9980,1,1,11,3,3,10,3,10,9,8,8
32,0,2,2,2,4,1,2,3298,0,2,12,3,4,7,2,6,2,0,5
22,0,2,2,2,4,1,4,2935,1,2,13,3,2,1,2,1,0,0,0
53,0,3,4,1,2,4,4,15427,2,1,16,3,3,31,3,25,8,3,7
38,0,2,3,2,3,1,4,3944,5,2,11,3,3,6,3,3,2,1,2
24,0,2,2,1,4,2,3,4011,0,1,18,3,4,5,2,4,2,1,3
36,1,3,4,2,2,1,1,3407,7,1,23,4,2,10,3,5,3,0,3
34,0,2,4,1,3,3,2,11994,0,1,11,3,3,13,3,12,6,2,11
21,0,2,2,2,3,1,4,1232,1,1,14,3,4,0,3,0,0,0,0
34,1,2,1,2,3,1,1,2960,2,1,11,3,3,8,3,4,2,1,3
53,0,2,3,1,3,5,3,19094,4,1,11,3,4,26,2,14,13,4,8
32,1,2,1,1,1,1,1,3919,1,2,22,4,2,10,3,10,2,6,7
42,0,3,4,2,3,2,2,6825,0,1,11,3,4,10,3,9,7,4,2
44,0,2,4,1,2,3,4,10248,3,1,14,3,4,24,3,22,6,5,17
46,0,3,4,1,3,5,1,18947,3,1,12,3,4,22,2,2,2,2,1
33,0,2,3,2,3,1,4,2496,4,1,11,3,4,7,3,1,1,0,0
44,0,2,4,2,3,2,4,6465,2,2,13,3,4,9,4,4,2,1,3
30,0,2,2,2,2,1,3,2206,1,1,13,3,1,10,3,10,0,1,8
39,1,3,3,2,3,2,4,2086,3,1,14,3,3,19,4,1,0,0,0
24,1,2,3,2,3,1,4,2293,2,2,16,3,1,6,2,2,0,2,0
43,0,2,2,1,4,1,3,2645,1,1,12,3,4,6,2,5,3,1,4
50,1,3,2,2,2,1,3,2683,1,2,14,3,3,3,3,3,2,0,2
35,0,3,3,1,3,1,4,2014,1,1,13,3,1,2,3,2,2,2,2
36,0,2,4,1,2,1,1,3419,9,2,14,3,4,6,4,1,1,0,0
33,0,3,3,1,4,2,1,5376,2,1,19,3,1,10,3,5,3,1,3
35,0,2,2,2,3,1,4,1951,1,1,12,3,3,1,3,1,0,0,0
27,0,2,4,1,3,1,1,2341,1,1,13,3,4,1,3,1,0,0,0
26,1,2,3,2,1,1,3,2293,1,1,12,3,3,1,2,1,0,0,1
27,0,3,3,2,3,3,3,8726,1,1,15,3,4,9,3,9,8,1,7
30,0,2,2,1,3,2,4,4011,1,1,23,4,4,12,3,12,8,3,7
41,1,2,3,1,3,5,3,19545,1,1,12,3,4,23,3,22,15,15,8
34,0,3,4,2,3,2,3,4568,0,1,20,4,3,10,3,9,5,8,7
37,0,2,2,2,3,1,2,3022,4,1,21,4,1,8,3,1,0,0,0
46,0,3,4,2,3,2,4,5772,4,2,21,4,3,14,3,9,6,0,8
35,0,2,1,2,4,1,4,2269,1,1,19,3,4,1,3,1,0,0,1
48,1,2,2,2,2,3,3,5381,9,2,13,3,4,23,3,1,0,0,0
28,1,2,4,2,3,1,3,3441,1,2,13,3,3,2,2,2,2,2,2
44,0,3,5,1,3,2,1,5454,5,2,21,4,3,9,2,4,3,1,3
35,0,2,2,2,2,3,1,9884,2,2,13,3,3,10,3,4,0,2,3
26,0,3,3,1,2,2,4,4157,7,2,19,3,3,5,2,2,2,0,0
33,0,2,2,1,3,3,4,13458,1,2,12,3,3,15,3,15,14,8,12
35,0,3,5,2,3,3,1,9069,1,1,22,4,4,9,2,9,8,1,8
35,0,2,4,1,3,1,1,4014,3,2,15,3,3,4,3,2,2,2,2
31,0,2,4,2,3,2,4,5915,3,1,22,4,4,10,2,7,7,1,7
37,0,2,4,2,2,2,3,5993,1,1,18,3,3,7,4,7,5,0,7
32,0,2,3,2,3,2,4,6162,1,2,22,4,2,9,3,9,8,7,8
38,0,2,5,1,3,2,4,2406,1,1,11,3,4,10,3,10,3,9,9
50,0,2,2,1,2,5,3,18740,5,2,12,3,4,29,2,27,3,13,8
59,0,3,3,1,3,3,1,7637,7,1,11,3,4,28,2,21,16,7,9
36,0,2,3,1,3,3,3,10096,1,1,13,3,2,17,3,17,14,12,8
55,0,2,3,1,3,4,3,14756,2,2,14,3,3,21,3,5,0,0,2
36,0,2,3,2,2,2,2,6499,1,1,13,3,3,6,3,6,5,0,3
45,0,2,3,2,3,3,1,9724,2,1,17,3,3,25,3,1,0,0,0
35,0,2,3,2,3,1,1,2194,4,1,13,3,4,5,2,3,2,1,2
36,1,2,3,2,2,1,3,3388,0,2,17,3,1,2,2,1,0,0,0
59,0,3,1,1,2,2,3,5473,7,1,11,3,4,20,2,4,3,1,3
29,0,2,3,2,3,1,2,2703,0,1,23,4,4,6,3,5,4,0,4
31,0,2,4,2,3,1,2,2501,1,1,17,3,2,1,3,1,1,1,0
32,0,2,3,2,3,2,2,6220,1,1,17,3,2,10,3,10,4,0,9
36,0,2,3,1,4,1,4,3038,3,1,12,3,2,5,3,1,0,0,0
31,0,2,4,1,3,2,4,4424,1,1,23,4,4,11,3,11,7,1,8
35,0,3,4,2,2,2,1,4312,0,1,14,3,2,16,3,15,13,2,8
45,0,2,4,2,3,3,1,13245,4,2,14,3,2,17,4,0,0,0,0
37,0,2,4,2,3,3,3,13664,4,1,13,3,1,16,4,5,2,0,2
46,0,1,2,2,3,2,2,5021,8,2,22,4,4,16,3,4,2,0,2
30,0,2,1,2,2,2,4,5126,1,2,12,3,3,10,2,10,8,3,0
35,0,2,3,2,2,1,3,2859,1,1,18,3,1,6,3,6,4,0,4
55,0,3,2,2,3,3,4,10239,3,1,14,3,4,24,3,1,0,1,0
38,0,2,3,1,1,2,4,5329,7,2,12,3,4,17,3,13,11,1,9
34,0,2,2,2,3,2,2,4325,1,1,15,3,3,5,3,5,2,1,3
56,0,2,3,2,1,3,4,7260,4,1,11,3,1,37,2,6,4,0,2
23,0,3,1,2,3,1,1,2322,3,1,13,3,3,3,3,0,0,0,0
51,0,2,4,2,3,1,4,2075,3,1,23,4,2,10,3,4,2,0,3
30,0,2,3,2,2,2,4,4152,1,1,19,3,1,11,3,11,10,10,8
46,1,3,2,2,2,3,4,9619,1,1,16,3,4,9,3,9,8,4,7
40,0,2,4,2,2,4,2,13503,1,1,22,4,4,22,2,22,3,11,11
51,0,3,4,2,3,2,4,5441,0,2,22,4,4,11,1,10,7,1,0
30,0,3,2,1,2,2,2,5209,1,2,12,3,2,11,2,11,8,2,7
46,0,2,3,2,2,3,1,10673,2,2,13,3,3,21,2,10,9,9,5
32,0,3,4,2,3,2,3,5010,1,1,16,3,1,12,3,11,8,5,7
54,0,2,4,1,3,3,3,13549,9,1,12,3,1,16,1,4,3,0,3
24,0,3,2,1,3,2,3,4999,0,1,21,4,1,4,2,3,2,0,2
28,0,3,3,2,3,2,3,4221,1,1,15,3,2,5,4,5,4,0,4
58,0,3,4,2,3,4,3,13872,0,1,13,3,3,38,2,37,10,1,8
44,0,2,3,2,3,2,2,2042,4,1,12,3,3,17,4,3,2,1,2
37,1,1,4,2,3,1,1,2073,4,2,22,4,4,7,3,3,2,0,2
32,0,2,1,2,3,1,1,2956,1,1,13,3,4,1,3,1,0,0,0
20,1,2,3,1,2,1,4,2926,1,2,18,3,2,1,3,1,0,1,0
34,0,2,4,1,3,2,3,4809,1,1,14,3,3,16,3,16,13,2,10
37,0,2,2,2,2,2,4,5163,5,1,14,3,4,17,4,1,0,0,0
59,0,1,4,1,2,5,4,18844,9,1,21,4,4,30,3,3,2,2,2
50,0,2,3,1,3,5,2,18172,3,2,19,3,1,28,2,8,3,0,7
25,1,3,3,2,2,2,3,5744,1,2,11,3,4,6,3,6,4,0,3
25,0,2,1,2,2,1,4,2889,1,1,11,3,3,2,3,2,2,2,1
22,0,2,3,1,3,1,4,2871,1,1,15,3,3,1,3,0,0,0,0
51,0,2,4,1,2,3,1,7484,3,1,20,4,3,23,2,13,12,12,8
34,1,2,3,2,1,2,3,6074,1,2,24,4,4,9,3,9,7,0,6
54,0,1,3,1,4,4,4,17328,2,2,12,3,3,23,3,5,3,4,4
24,0,2,1,2,3,1,3,2774,0,1,12,3,3,6,3,5,3,1,2
34,0,2,4,1,2,2,2,4505,6,1,15,3,3,12,3,1,0,0,0
37,0,3,3,2,3,3,4,7428,2,1,12,3,1,12,3,5,3,1,3
34,0,2,3,1,2,3,1,11631,2,1,12,3,4,14,3,11,10,5,8
36,0,3,2,1,3,3,4,9738,0,1,14,3,3,10,3,9,7,2,8
36,0,2,2,1,3,1,4,2835,5,1,22,4,1,7,3,1,0,0,0
43,0,3,2,2,3,4,4,16959,1,2,12,3,4,25,4,25,12,4,12
30,0,2,3,2,1,1,3,2613,1,1,25,4,3,10,2,10,7,0,9
33,0,3,2,2,3,2,2,6146,0,1,13,3,1,8,4,7,7,0,7
56,1,2,4,1,3,1,2,4963,9,2,18,3,1,7,3,5,4,4,3
51,0,2,3,2,3,5,3,19537,7,1,13,3,3,23,3,20,18,15,15
31,1,3,4,2,1,2,3,6172,4,2,18,3,2,12,2,7,7,7,7
26,0,2,3,1,2,1,2,2368,1,1,19,3,3,5,2,5,4,4,3
58,1,2,4,1,3,3,4,10312,1,1,12,3,4,40,2,40,10,15,6
19,1,3,1,2,3,1,3,1675,1,2,19,3,4,0,2,0,0,0,0
22,0,2,1,2,3,1,4,2523,0,1,14,3,3,3,3,2,1,2,1
49,0,2,4,1,3,2,1,6567,1,1,14,3,3,16,2,15,11,5,11
43,0,2,3,1,4,1,3,4739,4,1,12,3,4,18,3,3,2,1,2
50,0,3,3,1,3,3,4,9208,4,1,11,3,4,16,3,2,2,2,1
31,1,3,3,1,1,2,3,4559,3,2,11,3,3,4,3,2,2,2,2
41,0,3,1,2,3,3,3,8189,3,2,13,3,3,12,3,9,7,0,7
26,0,1,1,1,3,1,3,2942,1,1,23,4,4,8,3,8,7,5,7
36,0,2,2,2,3,2,2,4941,6,1,20,4,4,7,3,3,2,0,1
51,1,2,4,2,1,3,4,10650,2,1,15,3,4,18,3,4,2,0,3
39,0,3,4,1,2,2,3,5902,4,1,14,3,3,17,4,15,11,5,9
25,0,3,3,2,2,2,3,8639,2,1,18,3,4,6,3,2,2,2,2
30,0,1,3,2,3,2,4,6347,0,2,19,3,4,12,1,11,9,4,7
32,1,2,3,1,3,1,1,4200,7,1,22,4,1,10,4,5,4,0,4
45,0,2,3,2,3,1,4,3452,5,1,13,3,2,9,2,6,5,0,3
38,0,2,5,1,3,2,3,4317,3,2,20,4,2,19,3,3,2,2,2
30,0,2,3,1,3,1,3,2632,1,1,14,3,3,5,2,5,4,0,4
32,0,3,2,2,1,2,4,4668,0,1,17,3,4,9,4,8,7,0,7
30,0,2,3,1,3,1,1,3204,5,1,14,3,4,8,3,3,2,2,2
30,0,2,1,2,2,1,4,2720,0,1,13,3,4,6,3,5,3,1,2
41,0,2,3,2,2,4,1,17181,4,1,13,3,2,21,2,7,6,7,7
41,0,2,4,2,3,1,1,2238,2,1,21,4,4,7,3,5,0,1,4
19,0,2,1,1,3,1,2,1483,1,1,14,3,4,1,3,1,0,0,0
40,0,2,3,1,3,2,2,5605,1,1,11,3,1,20,3,20,7,2,13
35,0,3,5,2,3,3,2,7295,1,1,13,3,1,10,3,10,8,0,6
53,0,3,2,2,3,2,3,2306,2,2,20,4,4,13,1,7,7,4,5
45,0,2,3,2,3,2,2,2348,8,1,18,3,3,20,1,17,9,0,15
32,0,3,3,1,3,3,4,8998,1,1,14,3,4,9,3,9,8,3,7
29,0,2,1,2,3,2,3,4319,1,1,13,3,1,10,3,10,7,0,9
51,0,2,4,2,2,2,3,6132,2,1,17,3,3,10,3,1,0,0,0
58,0,2,3,1,2,1,2,3346,4,2,20,4,2,9,2,1,0,0,0
40,0,3,4,2,2,3,4,10855,7,1,11,3,1,15,2,12,11,2,11
34,0,3,4,1,3,1,3,2231,6,1,18,3,4,6,3,4,3,1,2
22,0,2,1,2,3,1,4,2323,1,1,24,4,1,2,3,2,2,2,2
27,0,2,3,2,3,1,2,2024,6,1,18,3,4,6,1,2,2,2,2
28,0,2,3,2,3,1,4,2713,1,1,11,3,3,5,1,5,2,0,2
57,0,2,2,2,4,3,4,9439,3,2,16,3,2,12,1,5,3,1,4
27,0,2,3,2,2,1,3,2566,1,2,15,3,4,1,2,1,1,0,1
50,0,2,3,1,3,5,2,19926,3,1,15,3,2,21,3,5,4,4,4
41,0,2,3,2,3,1,3,2451,4,1,12,3,1,13,3,9,8,1,8
30,0,3,3,1,3,3,4,9419,2,1,12,3,3,12,3,10,9,7,4
38,0,3,4,1,2,2,4,8686,4,1,22,4,3,12,4,8,3,0,7
32,0,2,5,2,3,1,3,3038,3,1,20,4,1,8,3,5,4,1,4
27,0,2,3,2,3,1,2,3058,0,2,16,3,4,6,2,5,2,1,1
19,1,3,1,1,1,1,1,2325,0,1,21,4,1,1,4,0,0,0,0
36,0,2,2,2,3,1,2,2088,4,1,12,3,3,13,2,8,7,7,2
30,0,2,3,2,3,2,1,3072,1,1,11,3,3,12,3,12,9,6,10
45,0,3,2,1,3,2,1,5006,4,2,11,3,1,9,4,5,4,0,3
56,0,2,3,1,3,1,1,4257,4,2,18,3,3,19,3,2,2,2,2
33,0,2,3,2,3,1,4,2500,0,1,14,3,1,4,4,3,1,0,2
19,1,2,3,2,2,1,4,1102,1,1,22,4,3,1,2,1,0,1,0
46,0,3,2,1,3,3,1,10453,1,1,25,4,3,24,3,24,13,15,7
38,0,2,2,1,3,1,4,2288,1,1,12,3,3,2,3,2,2,2,1
31,0,2,1,1,3,1,4,3929,8,2,23,4,3,7,3,4,2,0,2
34,0,2,2,1,3,1,2,2311,2,1,15,3,4,9,3,3,2,1,2
41,1,3,2,1,3,1,2,3140,1,2,22,4,4,4,2,4,3,0,2
50,0,2,3,2,2,1,3,3690,2,1,15,3,4,5,2,3,2,0,2
53,0,2,2,1,4,2,1,4450,1,1,11,3,3,5,3,4,2,1,3
33,0,2,3,1,3,1,2,2756,1,1,13,3,4,8,3,8,7,1,6
40,0,2,1,1,3,5,3,19033,1,1,14,3,2,21,3,20,8,9,9
55,0,2,4,2,4,5,2,18722,8,1,11,3,4,36,3,24,15,2,15
34,0,2,1,2,2,2,3,9547,1,1,17,3,3,10,2,10,9,1,9
51,0,2,3,1,3,4,2,13734,3,1,18,3,3,21,3,7,7,1,0
52,0,2,4,2,2,5,3,19999,0,1,14,3,1,34,3,33,18,11,9
27,0,2,3,1,3,1,2,2279,1,1,16,3,4,7,2,7,7,0,3
35,1,2,2,2,2,2,3,5916,3,2,13,3,1,8,3,1,0,0,1
43,0,2,3,2,4,1,4,2089,4,1,14,3,4,7,4,5,4,2,2
45,0,2,2,2,2,4,4,16792,9,1,23,4,4,22,3,20,8,11,8
37,0,2,3,2,4,1,1,3564,1,2,12,3,1,8,2,8,7,1,7
35,0,2,3,1,3,2,2,4425,5,1,11,3,4,10,3,6,2,1,2
42,0,2,2,1,3,2,3,5265,2,1,16,3,2,11,3,5,3,0,2
38,0,2,4,2,3,2,3,6553,9,1,14,3,2,14,3,1,0,0,0
38,0,2,3,2,3,2,4,6261,3,1,18,3,1,9,1,7,7,1,7
27,0,2,1,2,2,2,1,4298,5,1,19,3,3,6,3,2,2,2,0
49,0,2,4,2,3,2,4,6804,1,2,15,3,1,7,3,7,7,1,7
34,0,2,4,2,3,1,3,3815,1,2,17,3,4,5,4,5,3,2,0
40,0,2,2,2,3,2,4,2741,8,2,15,3,3,15,4,7,2,3,7
38,1,2,1,2,3,2,1,6673,7,2,19,3,2,17,3,1,0,0,0
29,1,3,3,1,3,3,4,7639,1,1,22,4,4,10,2,10,4,1,9
22,0,2,3,2,4,1,2,2328,1,2,16,3,1,4,2,4,2,2,2
36,0,2,1,1,3,1,4,2153,1,1,13,3,1,8,3,8,1,1,7
40,0,2,5,2,2,2,4,4876,9,1,14,3,4,5,1,3,2,0,2
46,0,2,4,2,3,3,1,9396,7,1,16,3,3,17,3,4,2,0,3
32,1,3,4,2,1,3,4,10400,1,1,11,3,3,14,2,14,8,9,8
30,0,2,1,2,2,3,3,8474,1,1,22,4,3,12,3,11,8,5,8
27,0,3,3,1,3,2,3,9981,1,1,14,3,4,7,3,7,7,0,7
51,0,2,4,2,2,3,2,12490,5,1,16,3,4,16,1,10,9,4,7
30,1,2,3,1,3,1,1,2657,5,2,11,3,3,8,3,5,2,0,4
41,0,3,3,1,3,3,4,13591,3,2,18,3,3,16,3,1,0,0,0
30,1,3,4,1,2,2,1,6696,5,1,15,3,3,9,2,6,3,0,1
29,1,2,3,2,3,1,3,2058,0,1,14,3,4,7,2,6,2,1,5
45,0,3,3,1,2,3,4,8865,6,1,12,3,4,23,3,19,7,12,8
54,0,3,3,1,3,2,1,5940,2,1,14,3,4,16,3,6,2,0,5
36,0,2,2,2,3,2,2,5914,8,1,16,3,4,16,4,13,11,3,7
33,0,2,4,1,2,1,2,2622,6,1,21,4,4,7,3,3,2,1,1
37,0,2,3,2,3,3,4,12185,1,2,14,3,3,10,3,10,8,0,7
38,0,3,3,2,3,3,3,10609,0,1,12,3,3,17,2,16,10,5,13
31,0,2,4,2,1,2,3,4345,0,1,12,3,4,6,3,5,4,1,4
59,0,2,3,2,2,1,4,2177,3,1,17,3,1,7,3,1,0,0,0
37,0,3,4,2,3,1,4,2793,4,1,17,3,3,13,3,9,8,5,8
29,0,3,1,1,3,3,4,7918,1,1,14,3,4,11,3,11,10,4,1
35,0,3,3,1,3,3,3,8789,1,1,14,3,1,10,4,10,7,0,8
29,1,2,1,2,2,1,4,2389,1,2,13,3,3,4,2,4,3,0,1
52,0,2,3,1,2,1,4,3212,7,1,15,3,2,6,2,2,2,2,2
42,0,2,2,2,3,5,4,19232,1,1,11,3,4,22,3,22,17,11,15
59,0,1,2,2,3,1,3,2267,8,1,17,3,4,7,2,2,2,2,2
50,0,3,4,1,3,5,4,19517,3,1,11,3,3,32,2,7,0,0,6
33,1,2,3,2,3,1,4,2436,5,2,13,3,3,8,1,5,4,0,4
43,0,3,3,1,3,4,4,16064,5,2,22,4,3,22,3,17,13,1,9
33,1,2,2,1,3,1,1,2707,7,1,20,4,1,13,4,9,7,1,7
52,0,3,4,2,2,5,3,19068,1,2,18,3,4,33,4,33,7,15,12
32,0,3,2,1,3,1,2,3931,2,1,11,3,1,6,3,4,3,1,2
32,1,2,3,2,2,1,3,3730,0,2,14,3,4,4,1,3,2,1,2
39,0,2,4,1,3,1,3,2232,7,1,14,3,3,7,3,3,2,1,2
32,0,3,4,2,3,2,4,4465,0,1,18,3,1,4,3,3,2,2,2
41,0,2,2,2,3,2,1,3072,2,1,16,3,1,17,2,1,0,0,0
40,0,2,2,2,3,2,4,3319,1,1,17,3,1,9,3,9,8,4,7
45,0,2,3,2,4,5,4,19202,0,1,11,3,3,25,3,24,0,1,7
31,0,2,4,2,3,3,3,13675,9,1,12,3,1,9,3,2,2,2,2
33,0,2,4,1,2,1,4,2911,1,1,13,3,3,2,2,2,2,0,2
34,0,2,4,2,2,2,1,5957,6,1,13,3,2,13,3,11,9,5,9
37,0,2,2,1,2,1,1,3920,2,1,14,3,1,17,2,3,1,0,2
45,0,2,4,2,4,2,3,6434,4,1,17,3,4,9,3,3,2,0,2
37,1,2,3,2,3,3,3,10048,6,1,11,3,2,17,3,1,0,0,0
39,0,2,4,1,3,3,3,10938,0,1,25,4,4,20,3,19,6,11,8
29,0,2,3,2,3,1,4,2340,1,1,19,3,1,6,3,6,5,1,5
42,0,2,2,1,4,2,1,6545,3,2,13,3,3,10,3,3,2,0,2
29,0,3,2,2,3,2,4,6931,2,1,14,3,4,10,3,3,2,0,2
25,0,2,3,1,3,2,3,4898,0,1,12,3,4,5,3,4,2,1,2
42,0,2,3,1,2,1,1,2593,0,2,11,3,3,10,3,9,6,7,8
40,0,2,2,2,3,5,3,19436,0,1,19,3,4,22,3,21,7,3,9
51,0,2,3,2,3,1,4,2723,1,1,11,3,2,1,2,1,0,0,0
31,1,2,2,2,2,1,2,3479,0,1,11,3,2,6,4,5,4,1,4
32,0,2,3,2,4,1,2,2794,1,1,20,4,3,5,1,5,1,0,3
38,0,3,2,2,2,2,4,5249,3,1,18,3,4,13,3,8,7,7,5
32,0,2,1,2,2,2,1,2176,4,1,13,3,4,9,3,6,2,0,4
46,0,3,3,1,1,4,2,16872,3,2,12,3,2,28,2,7,7,7,7
28,1,2,4,2,3,1,3,3485,2,1,11,3,3,5,1,0,0,0,0
29,0,3,3,2,2,2,2,6644,2,1,19,3,2,10,3,0,0,0,0
31,0,2,3,2,2,2,4,5582,0,1,21,4,2,10,3,9,0,7,8
25,0,2,2,2,4,2,1,4000,1,1,12,3,4,6,3,6,3,1,5
45,0,2,2,2,3,4,4,13496,0,2,14,3,2,21,3,20,7,4,10
36,0,2,3,2,3,1,4,3210,0,1,11,3,3,16,3,15,13,10,11
55,0,2,3,2,3,5,1,19045,0,2,14,3,3,37,3,36,10,4,13
47,1,2,4,2,3,3,2,11849,1,2,12,3,4,10,2,10,7,9,9
28,0,2,3,2,3,1,4,2070,1,1,23,4,4,5,2,5,2,0,4
37,0,3,4,2,3,2,4,6502,4,1,14,3,2,7,4,5,4,0,1
21,0,2,2,2,2,1,3,3230,1,1,17,3,1,3,4,3,2,1,0
37,0,2,4,1,3,3,4,13603,2,2,18,3,1,15,3,5,2,0,2
35,0,2,3,1,4,3,2,11996,7,1,18,3,2,10,2,7,7,6,2
38,0,3,2,1,4,2,1,5605,1,2,24,4,3,8,3,8,0,7,7
26,0,2,3,1,3,2,2,6397,1,1,20,4,1,6,1,6,5,1,4
50,0,2,1,2,3,5,2,19144,3,1,14,3,1,28,2,10,4,1,6
53,0,2,4,2,3,4,3,17584,3,2,16,3,4,21,2,5,3,1,3
42,0,3,1,2,3,2,3,4907,1,1,25,4,3,20,3,20,16,11,6
29,0,3,2,2,3,2,4,4554,1,1,18,3,1,10,2,10,7,0,9
55,0,2,2,2,3,2,4,5415,3,2,19,3,4,12,3,10,7,0,8
26,0,2,2,2,3,2,1,4741,1,2,13,3,3,5,3,5,3,3,3
37,0,2,3,1,3,1,4,2115,1,1,12,3,2,17,3,17,12,5,7
44,1,2,3,2,3,1,3,3161,3,2,22,4,4,19,1,1,0,0,0
38,0,2,4,2,3,2,4,5745,9,1,14,3,2,10,3,2,2,1,2
26,1,2,4,2,3,1,2,2373,2,2,13,3,4,5,3,3,2,0,2
28,0,2,2,1,3,1,4,3310,1,1,21,4,4,5,3,5,3,0,2
49,0,2,4,1,3,5,1,18665,9,2,11,3,4,22,3,3,2,1,2
36,0,2,3,2,3,2,2,4485,4,1,12,3,4,10,3,8,0,7,7
31,0,3,3,1,3,1,2,2789,1,1,11,3,3,2,2,2,2,2,2
26,1,3,4,2,2,2,4,5828,1,2,12,3,2,8,3,8,7,7,4
37,0,2,3,2,3,1,4,2326,1,2,12,3,3,4,2,4,2,1,2
42,0,3,3,1,3,4,2,13525,5,1,14,3,4,23,4,20,4,4,8
18,1,2,3,2,3,1,3,1420,1,1,13,3,3,0,3,0,0,0,0
35,0,3,3,2,3,3,2,8020,0,1,15,3,3,12,2,11,9,6,9
36,0,2,4,2,4,1,4,3688,4,1,18,3,4,4,3,1,0,0,0
51,0,2,3,2,1,2,2,5482,5,1,18,3,4,13,3,4,1,1,2
41,0,3,4,2,3,4,2,16015,1,1,19,3,2,22,3,22,10,0,4
18,0,3,3,1,2,1,3,1200,1,1,12,3,1,0,3,0,0,0,0
28,0,2,2,2,4,2,1,5661,0,1,19,3,3,9,3,8,3,0,7
31,0,3,3,2,4,2,4,6929,4,1,11,3,2,10,2,8,7,7,7
39,0,2,3,2,4,3,4,9613,0,1,17,3,1,19,2,18,10,3,7
36,0,2,4,1,3,2,2,5674,7,1,15,3,3,11,3,9,8,0,8
32,0,3,3,2,2,2,3,5484,1,1,14,3,3,13,2,13,8,4,8
38,0,2,2,1,2,3,2,12061,3,1,17,3,3,19,3,10,8,0,1
58,0,2,4,2,1,2,3,5660,2,2,13,3,4,12,3,5,3,1,2
31,0,2,4,2,3,1,4,4821,0,2,12,3,3,6,3,5,2,0,3
31,0,1,3,2,2,2,1,6410,3,1,12,3,4,9,3,2,2,1,0
45,0,2,3,2,3,3,1,5210,1,1,18,3,1,24,3,24,9,9,11
31,0,2,4,2,3,1,4,2695,0,2,18,3,2,3,1,2,2,2,2
33,0,2,4,1,3,3,2,11878,6,1,11,3,2,12,3,10,6,8,8
39,0,2,1,2,3,4,1,17068,1,2,14,3,4,21,3,21,9,11,10
43,0,2,4,1,3,1,4,2455,0,1,19,3,1,9,3,8,7,1,7
49,0,2,2,1,2,4,3,13964,7,2,12,3,4,25,3,7,1,0,7
52,1,2,4,2,2,2,2,4941,2,1,15,3,1,11,2,8,2,7,7
27,0,2,3,1,3,1,2,2478,1,2,12,3,2,4,2,4,3,1,2
32,0,3,2,1,2,2,2,5228,1,2,11,3,4,13,3,13,12,11,9
27,0,3,3,2,3,2,3,4478,1,2,11,3,1,5,3,5,4,0,4
31,0,3,3,2,3,2,4,7547,4,1,12,3,4,13,3,7,7,1,7
32,0,2,4,1,4,2,4,5055,7,1,16,3,3,10,2,7,7,0,7
28,1,2,4,2,1,1,4,3464,5,2,13,3,4,5,2,3,2,2,2
30,0,2,2,1,3,2,4,5775,1,1,13,3,4,11,3,10,8,1,9
31,0,2,2,1,2,3,3,8943,1,1,24,4,1,10,3,10,9,8,9
39,0,2,2,2,2,5,4,19272,1,1,15,3,1,21,3,21,9,13,3
39,1,3,2,1,3,2,3,5238,4,2,18,3,1,12,2,1,0,0,0
33,0,3,3,2,2,2,4,4682,3,1,14,3,3,9,2,7,7,0,1
47,0,2,5,2,3,5,3,18300,4,1,11,3,2,21,3,3,2,1,1
43,0,2,4,1,2,2,3,5257,1,1,11,3,2,9,4,9,7,0,0
27,0,3,1,2,3,2,2,6349,0,2,13,3,4,6,3,5,4,1,4
54,0,2,4,1,3,2,3,4869,3,1,12,3,4,20,2,4,3,0,3
43,0,2,3,1,3,3,1,9985,8,1,16,3,1,10,2,1,0,0,0
45,0,2,4,2,3,2,4,3697,9,1,14,3,1,12,3,10,9,9,8
40,0,3,2,2,1,2,4,7457,2,2,22,4,3,6,2,4,3,0,2
29,1,2,4,2,1,1,1,2119,1,2,11,3,4,7,2,7,7,0,7
29,0,2,5,2,2,1,4,3983,0,1,17,3,3,4,3,3,2,2,2
30,0,3,3,1,2,2,3,6118,1,1,13,3,3,10,3,10,9,1,2
27,0,3,4,1,3,2,2,6214,1,1,18,3,1,8,3,8,7,0,7
37,0,2,2,2,3,2,4,6347,7,1,16,3,3,8,2,6,2,0,4
38,0,2,2,2,2,3,4,11510,0,2,14,3,2,12,3,11,10,2,9
31,0,2,4,1,3,3,4,7143,1,2,14,3,3,11,2,11,9,4,10
29,0,3,1,1,2,2,2,8268,1,2,14,3,1,7,3,7,7,1,7
35,0,2,4,2,3,3,2,8095,0,1,13,3,4,17,3,16,6,0,13
23,0,2,1,2,3,1,4,2904,1,1,12,3,3,4,2,4,2,0,2
41,0,2,3,2,2,2,2,6032,6,2,15,3,4,8,3,5,4,1,2
47,0,3,1,2,3,2,3,2976,3,1,19,3,1,5,3,0,0,0,0
42,0,2,5,1,3,4,4,15992,2,1,14,3,2,16,3,1,0,0,0
29,0,3,3,2,3,2,3,4649,1,1,14,3,1,4,2,4,3,0,2
42,0,1,1,2,3,1,3,2696,0,2,11,3,3,4,3,3,2,1,0
32,0,2,3,1,3,1,2,2370,1,1,13,3,3,8,3,8,0,0,7
48,0,3,1,1,3,3,3,12504,3,1,21,4,2,15,1,0,0,0,0
37,0,2,3,2,4,2,1,5974,4,2,13,3,1,13,3,7,7,6,7
30,0,3,2,1,3,2,3,4736,7,2,12,3,2,4,4,2,2,2,2
26,0,3,3,2,3,2,3,5296,1,1,17,3,2,8,3,8,7,7,7
42,0,2,4,2,2,2,4,6781,3,1,23,4,2,14,3,1,0,0,0
21,1,3,1,1,2,1,2,2174,1,2,11,3,3,3,3,3,2,1,2
36,0,3,5,1,3,2,4,6653,4,1,15,3,2,7,3,1,0,0,0
36,0,3,4,2,2,3,4,9699,4,1,11,3,1,16,3,13,9,1,12
57,0,2,4,2,3,2,3,6755,2,1,11,3,3,15,3,3,2,1,2
40,0,2,4,1,4,1,3,2213,3,2,13,3,3,10,3,7,7,1,7
21,0,3,2,2,3,1,4,2610,1,1,24,4,3,3,2,3,2,2,2
33,1,3,3,1,3,1,3,2851,1,2,13,3,2,1,3,1,0,0,0
37,0,2,3,1,3,1,1,3452,6,1,20,4,2,17,3,5,4,0,3
46,0,2,4,1,3,2,3,5258,2,1,14,3,3,7,4,1,0,0,0
41,1,3,3,2,3,2,2,9355,1,1,18,3,3,8,3,8,7,7,7
50,0,2,3,2,2,3,4,10496,6,1,15,3,4,20,3,4,3,1,3
40,1,3,2,2,2,2,3,6380,2,2,12,3,1,8,3,6,4,1,0
31,0,2,4,2,2,1,2,2657,0,2,16,3,4,3,3,2,2,2,2
21,1,3,3,1,4,1,2,2716,1,1,15,3,4,1,3,1,0,0,0
29,0,2,3,2,3,1,4,2201,9,1,16,3,4,6,3,3,2,1,2
35,0,2,4,2,2,2,2,6540,9,1,19,3,3,10,3,1,1,0,0
27,0,2,2,2,3,1,2,3816,1,1,11,3,2,5,3,5,2,0,4
28,0,3,4,2,3,2,4,5253,1,1,16,3,4,7,3,7,5,0,7
49,0,2,3,2,2,3,3,10965,8,1,24,4,3,26,3,5,2,0,0
51,0,3,2,1,3,2,4,4936,4,1,11,3,3,18,2,7,7,0,7
36,0,2,3,1,3,1,3,2543,4,1,13,3,2,6,3,2,2,2,2
34,1,3,3,2,4,2,4,5304,8,2,13,3,2,9,2,5,2,0,4
55,0,2,3,1,3,4,4,16659,2,2,13,3,3,30,3,5,4,1,2
24,0,3,4,1,3,2,3,4260,1,2,12,3,4,5,4,5,2,0,3
30,0,3,1,2,3,1,2,2476,1,1,18,3,1,1,3,1,0,0,0
26,1,2,1,2,3,1,1,3102,0,1,22,4,3,7,3,6,4,0,4
22,0,2,3,1,3,1,2,2244,1,1,13,3,4,2,3,2,1,1,2
36,0,3,2,2,2,3,3,7596,1,1,13,3,2,10,3,10,9,9,0
30,1,2,3,2,3,1,4,2285,9,2,23,4,3,3,3,1,0,0,0
37,0,2,3,1,3,1,1,3034,1,1,12,3,3,18,2,18,7,12,17
40,0,3,2,1,3,2,2,5715,7,1,12,3,3,8,3,5,4,1,3
42,0,2,4,1,3,1,1,2576,3,1,16,3,2,8,3,5,2,1,2
37,0,2,4,2,3,2,2,4197,2,2,12,3,4,18,2,1,0,0,1
43,0,2,3,2,2,4,2,14336,1,1,11,3,3,25,3,25,10,3,9
40,0,2,3,1,2,2,3,3448,6,1,22,4,2,20,3,1,0,0,0
54,0,2,2,2,3,5,1,19406,4,1,11,3,3,24,2,4,2,1,2
34,0,3,4,1,3,2,3,6538,9,1,15,3,1,6,3,3,2,1,2
31,0,2,2,1,3,2,1,4306,1,1,12,3,2,13,1,13,10,3,12
43,0,2,3,2,3,1,4,2258,7,1,20,4,1,8,3,3,2,1,2
43,0,2,4,1,3,2,3,4522,4,2,14,3,4,8,3,5,2,0,2
25,0,3,2,1,2,2,4,4487,1,2,11,3,2,5,3,5,4,1,3
37,0,2,5,1,3,2,3,4449,3,2,15,3,1,15,3,13,11,10,7
31,0,2,2,2,2,1,1,2218,1,1,12,3,3,4,3,4,2,3,2
39,0,2,1,2,3,5,3,19197,1,2,14,3,3,21,3,21,8,1,6
56,0,3,3,1,4,4,1,13212,9,1,11,3,4,36,2,7,7,7,7
30,0,3,3,1,3,2,3,6577,0,1,11,3,2,6,3,5,4,4,4
41,0,3,3,2,4,3,1,8392,1,1,16,3,3,10,3,10,7,0,7
28,0,2,2,2,3,2,1,4558,1,1,12,3,4,10,3,10,0,1,8
25,1,2,3,2,3,1,1,4031,5,1,13,3,3,6,3,2,2,0,2
52,0,2,3,2,2,3,3,7969,2,2,14,3,3,28,3,5,4,0,4
45,0,2,2,2,3,1,4,2654,3,1,21,4,4,8,2,2,2,0,2
52,0,2,2,1,3,4,4,16555,2,1,13,3,4,31,1,5,2,1,4
42,0,2,2,1,3,2,3,4556,2,1,11,3,2,19,3,5,4,0,2
30,0,2,3,1,1,2,4,6091,2,1,20,4,3,11,3,5,4,0,2
60,0,2,3,1,3,5,1,19566,5,1,11,3,4,33,1,29,8,11,10
46,0,2,3,1,3,2,3,4810,2,1,14,3,3,19,2,10,7,0,8
42,0,2,4,1,2,2,4,4523,0,1,11,3,4,7,4,6,5,0,4
24,1,3,1,1,3,1,2,3202,1,2,16,3,2,6,3,5,3,1,4
34,1,3,2,1,1,1,3,2351,0,1,16,3,4,3,2,2,2,1,0
38,0,2,2,2,3,1,4,1702,1,2,23,4,3,1,3,1,0,0,0
40,0,3,4,1,3,5,3,18041,0,1,14,3,4,21,3,20,15,1,12
26,0,2,3,1,3,1,4,2886,1,1,22,4,2,3,1,3,2,0,2
30,0,2,3,2,3,1,4,2097,4,1,15,3,3,9,1,5,3,1,4
29,0,2,4,2,2,3,3,11935,1,1,18,3,3,10,3,10,2,0,7
29,1,2,5,1,2,1,2,2546,5,1,16,3,2,6,4,2,2,1,1
19,1,1,2,2,2,1,4,2564,1,1,12,3,3,1,4,1,0,0,0
30,0,3,4,1,3,3,1,8412,0,1,11,3,3,10,3,9,8,7,8
57,0,3,3,2,2,4,4,14118,3,1,12,3,3,32,2,1,0,0,0
50,0,2,4,2,2,4,3,17046,0,1,15,3,2,28,3,27,10,15,7
30,0,2,3,1,3,1,4,2564,0,1,14,3,3,12,2,11,7,6,7
60,0,3,3,1,2,3,1,10266,4,1,19,3,4,22,4,18,13,13,11
47,0,2,2,1,3,2,4,5070,5,1,13,3,3,20,3,5,0,0,4
46,0,2,3,2,3,4,3,17861,6,1,13,3,3,26,1,3,2,0,1
35,0,2,3,2,1,1,3,4230,0,1,15,3,3,6,3,5,4,4,3
54,0,2,4,1,3,2,3,3780,7,1,11,3,3,19,3,1,0,0,0
34,0,2,4,2,2,1,3,2768,3,1,12,3,3,14,3,7,3,5,7
46,0,3,3,1,2,3,4,9071,2,2,19,3,3,15,3,3,2,1,2
31,0,2,1,2,3,3,2,10648,1,1,25,4,4,13,4,13,8,0,8
33,1,2,1,2,3,3,3,13610,7,2,12,3,4,15,4,7,6,7,7
33,1,2,1,2,1,1,4,3408,7,1,13,3,1,8,3,4,3,1,3
30,0,3,1,2,3,1,2,2983,0,1,14,3,1,4,3,3,2,1,2
35,0,2,3,2,3,3,3,7632,4,2,12,3,3,10,3,8,7,0,0
31,1,2,3,2,3,3,3,9824,3,1,12,3,1,12,3,1,0,0,0
34,1,1,3,1,3,3,1,9950,9,2,15,3,3,11,3,3,2,0,2
42,0,2,2,2,3,1,3,2093,4,1,17,3,4,8,3,2,2,2,0
36,0,3,4,2,3,3,4,9980,1,1,14,3,4,10,2,10,3,9,7
22,1,2,1,2,2,1,3,3894,5,1,16,3,3,4,3,2,2,1,2
48,0,3,5,1,3,2,4,4051,2,1,14,3,1,14,3,9,7,6,7
55,0,3,5,1,3,4,2,16835,3,1,23,4,4,37,3,10,9,7,7
41,0,3,2,2,3,2,4,6230,7,1,14,3,4,16,3,14,3,1,10
35,0,3,3,2,3,2,3,4717,9,1,11,3,3,15,3,11,9,6,9
40,0,2,3,1,3,4,3,13237,7,1,15,3,3,22,3,20,6,5,13
39,0,2,1,1,3,1,3,3755,1,1,11,3,1,8,3,8,3,0,7
31,0,3,1,2,3,2,4,6582,4,2,13,3,3,10,4,6,5,0,5
42,0,2,3,2,3,3,1,7406,1,2,21,4,4,10,2,10,9,5,8
45,0,3,3,2,3,2,2,4805,0,1,19,3,2,9,4,8,7,3,7
26,1,1,4,1,3,1,3,2741,0,2,11,3,2,8,2,7,7,1,0
29,0,2,3,2,3,2,4,4262,4,1,12,3,2,8,4,3,2,1,2
33,0,2,5,1,4,4,3,16184,4,1,19,3,3,10,3,6,1,0,5
31,0,3,3,2,2,3,4,11557,9,1,21,4,3,10,2,5,4,0,1
18,1,3,3,2,3,1,2,1878,1,2,14,3,4,0,3,0,0,0,0
40,0,3,3,2,1,3,1,10932,3,1,15,3,3,20,3,1,0,0,1
41,0,2,4,1,2,2,3,6811,2,2,17,3,1,10,3,8,7,0,7
26,0,3,2,2,3,2,3,4306,5,1,12,3,1,8,3,0,0,0,0
35,0,3,3,1,3,2,3,4859,1,1,16,3,4,5,3,5,4,0,3
34,0,3,4,2,4,2,4,5337,1,1,12,3,4,10,3,10,7,5,7
26,1,2,3,2,1,1,4,2340,1,2,18,3,2,1,1,1,0,0,0
37,0,2,3,1,3,3,4,7491,4,1,17,3,4,12,4,6,5,1,2
46,0,2,1,1,3,3,3,10527,5,1,11,3,4,28,2,2,2,1,2
41,0,3,5,1,3,4,1,16595,7,1,16,3,2,22,3,18,16,11,8
37,0,3,4,2,3,3,2,8834,1,1,13,3,4,9,3,9,5,7,7
52,0,2,2,2,3,2,1,5577,3,2,12,3,2,18,3,10,9,6,9
32,1,3,4,2,4,2,3,4707,8,1,12,3,4,6,3,4,2,1,2
24,0,3,3,2,3,1,4,2400,0,1,13,3,3,3,3,2,2,2,1
38,0,2,3,1,3,2,3,9824,3,1,19,3,3,18,3,1,0,0,0
37,0,2,4,1,3,2,2,6447,6,1,12,3,2,8,2,6,5,4,3
49,0,2,4,2,2,5,3,19502,1,2,17,3,3,31,3,31,9,0,9
24,0,2,3,2,4,1,4,2725,1,2,11,3,2,6,3,6,5,1,4
26,0,3,2,2,3,2,2,6272,1,1,20,4,4,6,4,5,3,1,4
24,0,2,2,2,2,1,2,2127,1,1,21,4,4,1,3,1,0,0,0
50,0,1,3,2,3,5,2,18200,1,1,11,3,3,32,3,32,5,10,7
25,0,3,1,2,3,1,3,2096,1,1,11,3,3,7,3,7,4,0,6
24,1,2,3,1,3,1,3,2886,1,2,16,3,4,6,3,6,3,1,2
30,1,3,4,2,2,1,1,2033,1,1,18,3,3,1,4,1,0,0,0
34,0,2,2,2,2,1,4,3622,1,2,13,3,4,6,3,6,5,1,3
31,1,3,4,2,3,2,1,4233,2,1,17,3,3,9,1,3,1,1,2
35,0,2,2,2,2,2,4,3681,4,1,14,3,4,9,3,3,2,0,2
31,0,3,4,2,4,2,4,5460,4,1,22,4,4,13,4,7,7,5,7
27,0,2,4,1,2,1,3,2187,0,1,12,3,3,6,2,5,3,0,3
37,0,3,3,2,3,2,3,9602,4,2,11,3,3,17,2,3,0,1,0
20,0,2,3,1,2,1,2,2836,1,1,13,3,4,1,4,1,0,0,0
42,0,2,4,1,3,2,4,4089,1,1,13,3,2,10,3,10,2,2,2
43,0,2,4,2,2,4,4,16627,4,2,14,3,3,21,2,1,0,0,0
38,0,2,1,1,3,1,1,2619,3,1,17,3,4,8,2,0,0,0,0
43,0,2,5,2,3,2,3,5679,3,2,13,3,2,10,3,8,7,4,7
48,0,2,4,1,2,4,1,15402,7,1,11,3,1,21,1,3,2,0,2
44,0,1,4,1,2,2,3,5985,4,1,11,3,2,10,4,2,2,0,2
34,0,3,3,1,3,1,3,2579,1,2,18,3,4,8,3,8,2,0,6
27,1,3,1,2,3,1,1,3041,0,1,11,3,2,5,3,4,3,0,2
21,0,3,1,2,3,1,3,3447,1,1,11,3,3,3,3,3,2,1,2
44,0,2,4,2,3,5,4,19513,4,2,12,3,1,26,4,2,2,0,1
22,0,2,1,2,3,1,3,2773,0,1,20,4,4,3,3,2,2,2,2
33,0,3,4,2,3,2,3,7104,0,1,12,3,4,6,3,5,0,1,2
32,0,2,4,1,3,2,4,6322,1,2,12,3,4,6,2,6,4,0,5
30,0,2,3,1,3,1,3,2083,1,1,20,4,3,1,3,1,0,0,0
53,0,3,1,1,3,2,1,8381,7,1,20,4,4,18,4,14,7,8,10
34,0,2,5,2,3,1,4,2691,1,1,12,3,4,10,2,10,9,8,8
45,1,3,4,1,3,2,1,4286,2,1,14,3,4,5,3,1,1,0,0
26,0,2,3,1,3,1,4,2659,1,2,13,3,3,3,3,3,2,0,2
37,0,2,3,2,3,3,3,9434,1,1,15,3,3,10,3,10,7,7,8
29,0,3,2,1,3,2,3,5561,1,1,14,3,1,6,2,6,0,1,2
35,0,2,4,2,1,2,4,6646,1,1,13,3,2,17,3,17,11,11,8
33,0,2,3,2,3,2,4,7725,3,1,23,4,3,15,1,13,11,4,7
54,0,1,4,2,3,3,2,10725,2,1,15,3,3,16,4,9,7,7,1
36,0,2,2,2,2,2,2,8847,2,2,11,3,3,13,3,3,2,0,2
27,0,2,4,2,2,1,4,2045,0,1,13,3,4,5,3,4,2,1,1
20,1,2,1,2,3,1,3,1009,1,2,11,3,4,1,3,1,0,1,1
33,1,2,3,2,3,1,1,3348,1,2,11,3,1,10,3,10,8,9,7
35,0,2,3,2,2,1,3,1281,1,1,18,3,3,1,3,1,0,0,0
23,0,2,3,2,4,1,1,2819,2,1,16,3,1,5,4,3,2,0,2
25,0,3,3,2,4,2,2,4851,0,1,22,4,3,4,3,3,2,1,2
38,0,3,4,1,2,2,4,4028,0,1,20,4,1,8,3,7,7,0,5
29,0,2,4,2,1,1,4,2720,1,1,18,3,4,10,3,10,7,2,8
48,0,3,1,2,4,2,2,8120,3,1,12,3,4,12,3,2,2,2,2
27,0,3,1,1,4,2,4,4647,1,2,20,4,2,6,3,6,5,0,4
37,0,2,2,2,4,1,4,4680,3,1,17,3,1,4,3,1,0,0,0
50,0,2,1,2,4,1,3,3221,1,2,11,3,3,20,3,20,8,3,8
34,0,2,3,1,2,3,2,8621,1,1,14,3,2,9,4,8,7,7,7
24,1,3,2,1,3,2,3,4577,9,1,14,3,1,4,3,2,2,2,0
39,0,2,4,1,2,2,3,4553,1,1,11,3,1,20,3,20,7,11,10
32,0,3,3,2,3,2,4,5396,1,1,12,3,4,10,2,10,7,0,8
50,1,3,2,2,3,2,3,6796,3,2,14,3,1,18,3,4,3,1,3
38,0,2,4,1,4,2,4,7625,0,1,13,3,3,10,2,9,7,1,8
27,0,2,2,1,3,3,1,7412,1,1,11,3,4,9,3,9,7,0,7
32,0,2,2,1,3,3,4,11159,3,1,15,3,4,10,3,7,7,7,7
47,0,3,4,2,3,2,1,4960,2,1,12,3,4,20,3,7,7,1,7
40,0,3,4,2,2,3,1,10475,5,2,21,4,3,20,3,18,13,1,12
53,0,2,3,2,4,4,3,14814,3,1,19,3,3,32,3,5,1,1,3
41,0,1,4,2,2,5,4,19141,3,1,15,3,2,23,2,21,6,12,6
60,0,3,4,2,3,2,1,5405,8,1,14,3,4,10,3,2,2,2,2
27,0,2,2,2,3,3,1,8793,1,1,21,4,3,9,2,9,7,1,7
41,0,1,3,2,2,5,3,19189,1,1,12,3,2,22,3,22,7,2,10
50,0,3,4,2,3,1,2,3875,7,1,15,3,4,4,3,2,2,2,2
28,1,2,2,1,1,1,2,2216,7,2,13,3,4,10,3,7,7,3,7
36,0,2,3,1,4,3,1,11713,9,1,14,3,1,10,3,8,7,0,5
38,0,2,3,1,3,3,3,7861,4,2,14,3,4,10,4,1,0,0,0
44,0,2,3,2,1,1,3,3708,2,1,14,3,3,9,3,5,2,1,4
47,0,3,3,1,3,4,3,13770,9,2,12,3,4,28,2,22,2,11,13
30,0,3,5,2,3,2,4,5304,7,1,23,4,4,10,2,8,7,7,7
29,0,3,3,2,3,1,3,2642,1,1,11,3,3,1,3,1,0,0,0
42,1,2,3,2,4,1,3,2759,6,2,12,3,4,7,3,2,2,2,2
43,0,3,3,2,2,2,4,6804,3,1,18,3,3,7,3,2,2,2,2
34,0,2,2,1,3,2,3,6142,3,1,11,3,4,10,3,5,1,4,3
23,0,2,1,2,3,1,1,2500,1,1,14,3,4,5,4,4,3,0,2
39,0,1,3,1,4,2,2,6389,9,1,15,3,3,12,1,8,3,3,6
56,0,2,3,2,3,4,4,11103,7,1,11,3,3,30,2,10,7,1,1
40,0,2,1,1,2,1,4,2342,0,2,20,4,4,5,2,4,2,2,3
27,0,2,3,1,2,2,1,6811,8,1,19,3,1,9,1,7,6,0,7
29,0,3,3,2,3,1,2,2297,1,1,14,3,4,2,3,2,2,2,2
53,0,2,3,2,3,2,4,2450,2,1,17,3,4,19,3,2,2,2,2
35,0,2,4,1,3,2,1,5093,2,1,11,3,1,16,4,1,0,0,0
32,0,2,4,2,3,2,4,5309,1,1,15,3,4,10,3,10,8,4,7
38,0,2,5,2,3,1,3,3057,6,2,13,3,2,6,1,1,0,0,1
34,0,2,5,1,3,2,1,5121,3,1,14,3,3,7,3,0,0,0,0
52,0,3,4,2,2,4,1,16856,1,1,11,3,1,34,4,34,6,1,16
33,1,2,4,2,3,1,4,2686,1,2,13,3,3,10,2,10,9,7,8
25,0,3,1,1,3,2,4,6180,1,1,23,4,2,6,2,6,5,1,4
45,0,3,2,2,1,2,3,6632,0,1,13,3,1,9,3,8,7,3,1
23,0,2,1,2,4,1,3,3505,1,1,18,3,4,2,3,2,2,0,2
47,1,3,2,1,4,2,3,6397,4,2,12,3,4,8,3,5,4,1,3
34,0,3,3,2,3,2,4,6274,1,1,22,4,3,6,3,6,5,1,4
55,1,2,3,2,3,5,1,19859,5,2,13,3,4,24,3,5,2,1,4
36,0,3,4,2,2,3,1,7587,1,1,15,3,2,10,3,10,7,0,9
52,0,2,4,2,3,1,4,4258,0,1,18,3,1,5,3,4,3,1,2
26,0,2,2,1,1,1,4,4364,3,1,14,3,1,5,3,2,2,2,0
29,0,2,3,1,3,2,3,4335,4,1,12,3,1,11,2,8,7,1,1
26,1,3,3,2,2,2,1,5326,6,1,17,3,3,6,2,4,3,1,2
34,0,2,4,1,4,1,4,3280,2,1,16,3,3,10,3,4,2,1,3
54,0,2,4,1,3,2,1,5485,9,2,11,3,2,9,3,5,3,1,4
27,0,3,1,2,3,2,4,4342,0,1,19,3,2,5,3,4,2,1,1
37,0,2,1,1,3,1,1,2782,0,2,13,3,2,6,2,5,3,4,3
38,0,2,4,1,4,2,1,5980,6,2,12,3,4,17,3,15,7,4,12
34,0,2,4,1,2,1,1,4381,1,1,11,3,3,6,3,6,5,1,3
35,0,3,4,1,3,1,4,2572,1,1,16,3,2,3,2,3,2,0,2
30,0,2,3,2,1,1,3,3833,3,1,21,4,3,7,3,2,2,0,2
40,0,2,2,1,4,2,2,4244,1,1,24,4,4,8,3,8,7,3,7
34,0,3,2,1,3,2,1,6500,5,1,17,3,2,6,3,3,2,1,2
42,0,2,3,2,3,5,4,18430,1,1,13,3,2,24,2,24,7,14,9
23,1,2,3,2,4,1,1,1601,1,2,21,4,3,1,3,0,0,0,0
24,0,2,3,2,2,1,2,2694,1,1,11,3,3,1,3,1,0,0,0
52,0,2,4,1,3,2,3,3149,8,1,20,4,2,9,3,5,2,1,4
50,0,2,3,2,3,4,3,17639,5,1,16,3,4,30,3,4,3,0,3
29,1,2,2,1,2,1,1,2319,1,2,11,3,4,1,3,1,0,0,0
33,0,2,3,2,3,3,3,11691,0,1,11,3,4,14,4,13,9,3,7
33,1,3,3,1,3,2,1,5324,5,1,15,3,3,6,3,3,2,0,2
47,0,2,2,1,3,4,4,16752,1,2,11,3,3,26,2,26,14,3,0
36,0,2,3,1,3,2,2,5228,0,1,15,3,1,10,3,9,7,0,5
29,0,2,2,2,4,1,3,2700,1,1,24,4,3,10,3,10,7,0,7
58,1,2,4,2,3,5,2,19246,7,2,12,3,4,40,3,31,15,13,8
35,0,2,4,1,4,1,3,2506,3,1,13,3,3,7,3,2,2,2,2
42,0,2,2,1,2,2,4,6062,9,2,13,3,4,8,3,4,3,0,2
28,1,2,4,2,3,1,3,4382,6,1,17,3,4,5,2,2,2,2,1
36,0,1,3,2,3,1,2,2143,4,1,13,3,2,8,3,5,2,0,4
32,0,2,3,1,2,2,3,6162,1,1,12,3,3,14,3,14,13,6,8
40,0,2,4,2,2,2,3,5094,6,1,14,3,4,10,3,1,0,0,0
30,0,2,3,1,2,2,4,6877,5,2,24,4,2,12,2,0,0,0,0
45,0,2,3,1,2,1,3,2274,1,1,14,3,4,1,3,1,0,0,0
42,0,2,3,2,3,2,2,4434,1,1,13,3,4,10,2,9,8,7,8
38,0,2,3,2,2,2,1,6288,2,1,15,3,3,13,2,4,3,1,2
34,0,2,4,1,2,1,4,2553,1,1,16,3,3,6,3,5,2,1,3
49,1,3,3,1,3,3,4,7654,1,1,18,3,1,9,4,9,8,7,7
55,1,3,1,2,3,2,4,5160,4,1,16,3,3,12,2,9,7,7,3
43,0,2,2,2,3,4,1,17159,6,1,24,4,3,22,3,4,1,1,0
27,0,2,1,2,2,3,4,12808,1,2,16,3,2,9,3,9,8,0,8
35,0,2,3,2,3,3,3,10221,3,1,21,4,2,17,4,8,5,1,6
28,0,3,4,1,3,2,2,4779,1,2,20,4,1,8,3,8,7,7,5
34,0,1,2,2,3,1,4,3737,0,1,19,3,3,4,1,3,2,0,2
26,1,2,2,1,2,1,3,2366,1,2,14,3,1,8,3,8,7,1,7
27,0,2,3,2,3,1,4,1706,1,1,11,3,3,0,2,0,0,0,0
51,0,3,4,1,3,4,3,16307,2,1,14,3,3,29,2,20,6,4,17
44,0,2,3,2,3,2,2,5933,9,1,12,3,4,10,2,5,2,2,3
25,0,2,1,2,4,1,1,3424,7,1,13,3,3,6,2,4,3,0,1
33,0,3,3,2,4,2,1,4037,1,1,22,4,1,9,3,9,8,0,8
35,0,2,1,1,2,1,1,2559,1,1,11,3,4,6,2,6,5,1,1
36,0,3,2,2,3,2,4,6201,1,2,14,3,4,18,2,18,14,4,11
32,0,3,4,2,3,2,4,4403,2,1,11,3,3,8,2,5,2,0,3
30,0,2,4,2,2,1,4,3761,9,1,12,3,2,10,2,5,4,0,3
53,0,3,2,1,2,3,4,10934,7,2,18,3,4,35,3,5,2,0,4
45,0,3,3,2,3,3,1,10761,4,2,12,3,3,18,3,5,4,0,2
32,0,2,2,1,4,2,3,5175,5,1,12,3,3,9,2,5,3,1,3
52,0,2,4,1,2,4,4,13826,3,1,22,4,3,31,3,9,8,0,0
37,0,3,4,2,2,2,3,6334,4,1,19,3,4,9,3,1,0,0,0
28,0,1,2,2,2,1,4,4936,1,1,13,3,4,6,3,5,1,0,4
22,0,2,2,2,2,2,4,4775,6,1,22,4,1,4,1,2,2,2,2
44,0,2,4,2,4,1,4,2818,2,2,24,4,3,10,2,3,2,0,2
42,0,2,1,2,3,1,4,2515,5,2,14,3,4,8,3,2,1,2,2
36,0,1,3,2,2,1,1,2342,0,1,21,4,3,6,3,5,4,0,3
25,0,3,1,2,3,2,1,4194,1,2,18,3,4,5,3,5,3,0,3
35,0,2,3,1,2,3,3,10685,1,2,20,4,2,17,3,17,14,5,15
35,1,2,4,1,3,1,2,2022,1,2,19,3,1,10,2,10,2,7,8
32,0,2,3,2,3,1,4,2314,0,1,12,3,2,4,3,3,0,0,2
25,0,3,1,2,2,2,1,4256,1,1,12,3,1,5,4,5,2,0,3
49,0,2,3,1,3,1,1,3580,2,1,16,3,2,7,3,4,2,0,2
24,0,2,1,2,2,1,4,3162,0,1,17,3,4,6,2,5,2,3,4
32,0,3,2,2,3,2,2,6524,1,1,14,3,4,10,3,10,8,5,3
38,0,3,3,2,2,1,2,2899,0,1,19,3,4,3,3,2,2,1,2
42,0,2,3,1,4,2,4,5231,2,2,13,3,2,17,2,5,3,1,3
31,0,2,4,2,3,1,4,2356,3,2,19,3,2,8,3,6,4,0,2
29,1,3,3,1,2,1,3,2800,6,2,19,3,3,5,3,3,2,0,2
53,0,3,3,2,3,4,4,11836,5,1,14,3,3,28,3,2,0,2,2
35,0,2,3,2,2,3,2,10903,3,1,16,3,1,16,3,13,10,4,8
37,0,3,2,1,3,1,4,2973,5,1,15,3,2,10,3,5,4,0,0
53,0,2,4,1,3,4,4,14275,6,1,18,3,3,33,3,12,9,3,8
43,0,2,3,1,3,2,4,5562,4,1,13,3,2,12,2,5,2,2,2
47,0,3,2,1,3,2,4,4537,0,2,22,4,1,8,3,7,6,7,7
37,0,3,2,2,3,3,2,7642,1,2,13,3,4,10,3,10,0,0,9
50,0,2,4,2,3,4,1,17924,1,1,11,3,4,31,3,31,6,14,7
39,0,1,3,1,2,2,4,5204,8,1,11,3,3,13,3,5,4,0,4
33,0,1,2,2,3,1,2,2277,3,2,11,3,3,7,4,4,3,0,3
32,1,2,4,2,3,1,4,2795,1,2,24,4,3,1,1,1,0,0,1
29,0,2,1,1,2,1,4,2532,6,1,14,3,3,8,3,4,3,0,3
44,0,2,2,2,3,1,1,2559,1,2,13,3,4,8,3,8,7,7,1
28,0,3,4,2,3,2,4,4908,1,1,14,3,2,4,3,4,2,0,2
58,1,2,1,2,2,1,4,2380,9,2,14,3,4,3,2,1,0,0,0
43,0,2,3,1,3,2,2,4765,4,1,21,4,3,4,4,1,0,0,0
20,1,3,3,1,2,1,3,2044,1,1,13,3,4,2,2,2,2,0,2
21,1,2,1,1,3,1,4,2693,1,1,19,3,1,1,2,1,0,0,0
36,0,2,1,2,3,2,4,6586,0,2,17,3,1,17,2,16,8,4,11
47,0,3,4,1,2,1,4,3294,1,2,18,3,1,3,2,3,2,1,2
22,1,2,1,1,3,2,3,4171,0,2,19,3,1,4,4,3,2,0,2
41,1,2,4,1,1,1,4,2778,4,2,13,3,3,10,2,7,7,1,0
28,0,2,3,1,3,1,3,2377,5,1,18,3,2,6,3,2,2,2,2
39,1,2,3,2,3,1,1,2404,7,2,21,4,4,8,1,2,2,2,2
27,0,2,3,1,3,1,3,2318,1,1,19,3,3,1,3,1,1,0,0
34,0,2,3,2,3,1,2,2008,1,1,14,3,2,1,3,1,0,1,0
42,0,3,2,1,2,2,3,6244,7,1,17,3,1,10,3,5,4,0,3
33,0,2,4,2,2,1,1,2799,3,2,11,3,2,6,3,3,2,0,2
58,0,2,3,1,2,3,2,10552,2,2,13,3,4,24,3,6,0,0,4
31,0,3,4,2,2,1,3,2329,3,1,15,3,2,13,4,7,7,5,2
35,0,2,1,1,3,2,4,4014,1,2,25,4,4,10,1,10,6,0,7
49,0,2,2,1,3,3,2,7403,4,1,11,3,3,29,2,26,9,1,7
48,0,2,4,2,3,1,3,2259,4,1,17,3,1,13,2,0,0,0,0
31,0,3,2,1,3,2,3,6932,1,1,13,3,4,9,2,9,8,0,0
36,0,2,4,2,3,1,4,4678,2,1,18,3,3,8,3,6,2,0,1
38,0,2,3,1,3,3,1,13582,1,1,13,3,2,15,3,15,12,5,11
32,0,2,3,1,2,1,2,2332,6,1,20,4,3,5,3,3,0,0,2
25,1,3,2,2,2,1,2,2413,1,2,18,3,3,1,3,1,0,0,0
40,0,3,4,2,2,3,2,9705,2,1,12,3,2,11,2,1,0,0,0
26,0,3,3,2,2,2,1,4294,1,1,12,3,2,7,3,7,7,0,7
41,0,2,3,2,3,1,1,4721,2,2,13,3,3,20,3,18,13,2,17
36,0,2,4,2,3,1,3,2519,4,1,21,4,3,16,3,11,8,3,9
19,1,3,3,2,2,1,2,2121,1,2,13,3,2,1,4,1,0,0,0
20,1,2,3,2,3,1,1,2973,1,1,19,3,2,1,3,1,0,0,0
31,0,2,3,1,3,2,4,5855,0,2,11,3,3,10,1,9,7,8,5
40,0,2,4,2,3,1,2,3617,8,2,14,3,4,3,3,1,1,0,0
32,0,2,4,1,3,2,1,6725,1,1,12,3,3,8,4,8,7,6,3
36,1,3,1,2,2,3,4,10325,1,2,11,3,1,16,3,16,7,3,7
33,0,2,3,1,2,2,4,6949,0,1,14,3,1,6,3,5,0,1,4
37,1,3,4,2,2,3,3,10609,5,1,11,3,3,17,1,14,1,11,7
45,0,2,2,2,3,2,2,4447,1,1,12,3,2,9,2,9,7,0,8
29,0,3,3,1,3,1,4,2157,1,1,15,3,2,3,3,3,1,0,2
35,0,3,3,1,3,2,3,4601,1,1,16,3,2,5,3,5,2,1,0
52,0,2,2,2,3,4,4,17099,2,1,15,3,2,26,2,9,8,7,8
58,1,2,3,2,3,1,3,2479,4,1,24,4,1,7,3,1,0,0,0
53,0,3,2,2,3,4,3,14852,6,1,13,3,3,22,4,17,13,15,2
30,0,3,2,2,3,3,3,7264,5,1,11,3,1,10,4,8,4,7,7
38,0,3,3,1,3,2,4,5666,1,2,13,3,2,6,3,5,3,1,3
35,0,3,4,2,3,3,4,7823,6,1,13,3,2,12,3,10,9,0,8
39,0,3,5,2,4,3,3,7880,0,1,18,3,4,9,3,8,7,0,7
40,1,3,3,1,4,4,2,13194,4,2,16,3,4,22,2,1,0,0,0
47,0,2,4,2,4,2,3,5067,1,2,19,3,3,20,4,19,10,2,7
36,0,3,4,2,3,2,4,5079,4,1,13,3,4,12,3,7,7,0,7
31,1,2,2,2,2,1,1,2321,0,2,22,4,1,4,3,3,2,1,2
33,0,3,3,2,3,4,3,17444,1,1,11,3,4,10,3,10,8,6,0
29,1,2,3,1,2,1,1,2404,6,2,20,4,3,3,3,0,0,0,0
33,0,2,1,1,3,1,4,3452,3,1,18,3,1,5,3,3,2,0,2
45,0,2,4,1,3,1,4,2270,3,1,14,3,4,8,3,5,3,0,2
50,0,2,2,2,3,4,4,17399,9,1,22,4,3,32,2,5,4,1,3
33,0,2,4,1,4,2,2,5488,1,2,13,3,1,6,3,6,5,1,2
41,0,2,3,2,3,5,3,19419,2,1,17,3,2,21,4,18,16,0,11
27,0,2,4,1,3,1,2,2811,9,1,14,3,2,4,3,2,2,2,2
45,0,2,2,2,3,2,1,3633,1,2,15,3,3,9,3,9,8,0,8
47,0,3,2,1,3,2,4,4163,1,2,17,3,3,9,3,9,0,0,7
30,1,2,3,1,3,1,3,2132,4,2,11,3,2,7,3,5,2,0,1
50,0,2,3,2,3,4,3,13973,3,2,18,3,4,22,3,12,11,1,5
38,0,2,1,2,3,1,3,2684,0,1,17,3,2,3,2,2,1,0,2
46,0,2,2,2,3,3,3,10845,6,1,13,3,2,13,3,8,7,0,7
24,0,2,1,1,2,2,3,4377,1,1,15,3,2,5,3,4,2,3,2
35,1,2,4,2,2,1,2,3743,1,2,24,4,4,5,1,4,2,0,2
31,0,2,1,1,3,2,1,4148,1,1,12,3,3,4,3,4,3,0,3
18,0,2,2,2,3,1,4,1051,1,1,15,3,4,0,3,0,0,0,0
54,0,2,3,1,3,3,3,10739,8,1,11,3,3,22,3,10,7,0,8
35,0,2,4,1,3,3,3,10388,1,2,11,3,3,16,2,16,10,10,1
30,0,2,2,1,4,3,1,11416,0,2,12,3,3,9,2,8,7,1,7
20,1,2,3,1,2,1,1,2600,1,2,15,3,1,1,3,1,0,0,0
30,1,2,3,1,3,1,2,2422,0,1,17,3,1,4,3,3,2,1,2
26,0,2,2,2,4,2,4,5472,1,1,12,3,2,8,3,8,7,1,3
22,0,2,1,2,1,1,1,2451,1,1,15,3,1,4,2,4,3,1,1
48,0,2,3,2,2,2,3,4240,2,1,13,3,4,19,3,2,2,2,2
48,0,2,4,2,2,3,3,10999,7,1,14,3,2,27,3,15,11,4,8
41,0,2,2,1,3,2,3,5003,6,1,14,3,2,8,3,2,2,2,1
39,0,2,1,1,2,4,4,12742,1,1,16,3,3,21,3,21,6,11,8
27,0,2,4,1,3,2,4,4227,0,1,18,3,2,4,3,3,2,2,2
35,0,2,3,2,3,1,4,3917,1,1,20,4,1,3,2,3,2,1,2
42,0,3,2,2,3,5,3,18303,6,1,13,3,2,21,4,1,0,0,0
50,0,2,3,2,3,1,4,2380,4,1,18,3,2,8,3,1,0,0,0
59,0,2,3,1,2,4,4,13726,3,2,13,3,1,30,3,5,3,4,3
37,1,2,2,1,1,2,2,4777,5,1,15,3,1,15,1,1,0,0,0
55,0,2,4,2,3,2,2,6385,3,2,14,3,4,17,3,8,7,6,7
41,0,2,1,1,1,5,3,19973,1,1,22,4,2,21,3,21,16,5,10
38,0,3,4,2,3,2,4,6861,8,2,12,3,3,19,3,1,0,0,0
26,1,3,2,2,1,2,1,4969,8,1,18,3,4,7,3,2,2,2,2
52,1,3,1,1,1,5,4,19845,1,1,15,3,4,33,3,32,14,6,9
44,0,3,3,1,4,4,4,13320,3,2,18,3,3,23,3,12,11,11,11
50,0,3,3,1,3,2,3,6347,0,1,12,3,1,19,3,18,7,0,13
36,1,2,4,1,4,1,1,2743,1,1,16,3,3,18,3,17,13,15,14
39,0,2,3,1,3,3,1,10880,1,2,13,3,3,21,3,21,6,2,8
33,0,3,1,1,2,1,4,2342,0,1,19,3,4,3,2,2,2,2,2
45,0,3,2,1,3,4,4,17650,3,1,13,3,2,26,4,9,3,1,1
32,0,2,4,1,3,1,3,4025,9,1,12,3,2,10,3,8,7,7,7
34,0,3,4,2,4,2,4,9725,0,1,11,3,4,16,2,15,1,0,9
59,0,3,2,2,3,3,4,11904,3,2,14,3,3,14,1,6,4,0,4
45,0,1,4,2,3,1,2,2177,1,1,16,3,1,6,3,6,3,0,4
53,0,3,3,1,2,3,2,7525,2,1,12,3,1,30,3,15,7,6,12
36,1,2,3,2,3,2,3,4834,7,1,14,3,2,9,2,1,0,0,0
26,1,2,3,2,3,1,1,2042,6,2,14,3,2,6,3,3,2,1,2
34,0,3,4,1,3,1,3,2220,1,2,19,3,4,1,3,1,1,0,0
28,0,3,1,2,3,1,2,1052,1,1,22,4,2,1,3,1,0,0,0
38,0,2,4,2,3,1,3,2821,3,1,16,3,1,8,3,2,2,2,2
50,0,2,4,2,3,5,3,19237,2,2,11,3,4,29,2,8,1,7,7
37,0,2,3,1,3,2,2,4107,3,1,15,3,1,8,2,4,3,0,1
40,0,3,3,2,3,2,1,8396,1,1,14,3,2,8,2,7,7,7,5
26,0,2,1,1,2,1,3,2007,1,1,13,3,3,5,3,5,3,1,3
46,0,2,4,2,3,5,4,19627,9,1,17,3,4,23,3,2,2,2,2
54,0,3,4,1,2,3,3,10686,6,1,11,3,2,13,3,9,4,7,0
56,0,2,3,1,3,1,3,2942,2,1,19,3,2,18,3,5,4,0,3
36,0,2,5,1,2,3,4,8858,0,1,11,3,2,15,2,14,8,7,8
55,0,2,1,2,2,4,1,16756,7,1,15,3,2,31,4,9,7,6,2
43,0,3,3,2,2,3,4,10798,5,1,13,3,3,18,3,1,0,0,0
20,1,3,3,1,3,1,4,2323,1,2,14,3,2,2,3,2,2,0,2
21,1,2,3,1,2,1,1,1416,1,1,13,3,1,1,2,1,0,1,0
46,0,2,4,1,2,2,1,4615,8,2,23,4,1,19,3,16,13,1,7
51,1,2,4,2,3,1,3,2461,9,2,12,3,3,18,4,10,0,2,7
28,1,2,2,2,2,3,1,8722,1,1,12,3,1,10,2,10,7,1,9
26,0,2,2,2,2,1,1,3955,1,1,16,3,1,6,3,5,3,1,3
30,0,2,3,2,3,2,1,9957,0,1,15,3,3,7,2,6,2,0,2
41,0,2,2,1,4,1,3,3376,1,1,13,3,3,10,3,10,6,0,8
38,0,2,1,1,2,3,3,8823,0,1,18,3,1,20,2,19,9,1,9
40,0,2,4,2,3,3,4,10322,4,1,20,4,4,14,3,11,10,11,1
27,0,2,5,2,1,1,3,4621,1,1,19,3,4,3,3,3,2,1,2
55,0,2,1,2,3,3,2,10976,3,1,18,3,2,23,3,3,2,1,2
28,0,2,3,1,3,2,3,3660,3,1,13,3,4,10,4,8,7,1,7
44,1,1,2,2,2,3,1,10482,9,1,14,3,4,24,3,20,6,3,6
33,0,2,3,2,2,3,4,7119,4,1,15,3,3,9,3,3,2,1,2
35,1,3,3,2,3,3,1,9582,0,2,22,4,1,9,3,8,7,4,7
33,1,2,4,1,2,2,3,4508,1,1,22,4,2,14,3,13,7,3,8
28,0,2,2,2,3,1,3,2207,1,1,16,3,4,4,2,4,2,2,2
34,0,2,1,2,3,2,4,7756,0,1,17,3,3,7,2,6,2,0,4
37,0,3,4,1,2,2,4,6694,2,2,14,3,3,8,3,1,0,0,0
25,1,2,1,2,3,1,4,3691,1,2,15,3,2,7,4,7,7,5,6
26,1,2,3,2,3,1,3,2377,1,1,20,4,3,1,2,1,1,0,0
33,1,2,3,2,2,1,2,2313,4,2,20,4,2,5,3,2,2,2,2
42,0,2,2,2,3,4,1,17665,0,1,17,3,4,23,3,22,6,13,7
28,1,2,3,2,2,1,2,2596,1,1,15,3,1,1,3,1,0,0,0
50,1,3,4,2,3,2,3,4728,3,2,14,3,4,5,3,0,0,0,0
33,0,3,3,1,3,2,2,4302,0,1,17,3,3,4,3,3,2,0,2
34,0,2,4,2,2,1,4,2979,3,1,17,3,4,6,3,0,0,0,0
48,0,2,4,2,4,4,4,16885,2,1,22,4,3,27,2,5,4,2,1
45,0,3,4,1,2,2,3,5593,1,1,13,3,4,15,3,15,10,4,12
52,0,2,4,2,3,3,2,10445,7,1,19,3,4,18,3,8,6,4,0
38,0,3,4,2,2,3,3,8740,0,2,14,3,2,9,3,8,7,2,7
29,0,2,4,1,3,1,4,2514,4,1,22,4,1,11,3,7,5,1,7
28,0,2,3,1,3,3,2,7655,0,1,17,3,2,10,2,9,7,1,7
46,0,3,1,2,3,4,3,17465,3,1,12,3,4,23,3,12,9,4,9
38,0,3,2,2,3,3,2,7351,7,1,16,3,3,10,3,1,0,0,0
43,0,2,3,1,3,3,1,10820,8,1,11,3,3,18,3,8,7,0,1
39,1,2,3,2,3,4,4,12169,7,1,11,3,4,21,3,18,7,11,5
40,0,2,3,2,2,5,3,19626,1,1,14,3,1,21,4,20,7,4,9
21,0,2,1,1,2,1,2,2070,1,2,11,3,3,2,4,2,2,2,2
39,0,2,3,2,3,2,2,6782,9,1,15,3,3,9,2,5,4,0,3
36,0,2,4,2,3,2,4,7779,2,1,20,4,1,18,3,11,9,0,9
31,0,3,3,2,4,1,4,2791,0,1,12,3,1,3,3,2,2,2,2
28,0,2,1,2,2,1,2,3201,0,1,17,3,1,6,1,5,3,0,4
35,0,3,2,2,3,2,4,4968,1,1,11,3,4,5,3,5,2,0,2
49,0,3,4,2,2,4,2,13120,6,1,17,3,2,22,3,9,8,2,3
34,0,2,2,2,3,2,3,4033,2,1,11,3,4,5,2,3,2,0,2
29,0,2,3,1,3,1,2,3291,0,1,14,3,4,8,2,7,5,1,1
42,0,2,3,2,1,2,4,4272,4,1,19,3,1,16,3,1,0,0,0
29,0,2,1,2,2,2,4,5056,1,2,15,3,3,10,2,10,7,1,2
38,0,1,3,2,4,1,3,2844,1,1,13,3,4,7,4,7,6,5,0
28,0,2,3,2,2,1,3,2703,1,2,14,3,4,3,3,3,1,0,2
18,1,2,1,2,3,1,3,1904,1,1,12,3,4,0,3,0,0,0,0
33,1,3,4,1,3,2,1,8224,0,2,17,3,1,6,3,5,2,0,3
41,0,2,4,2,3,1,4,4766,3,2,11,3,1,6,3,1,0,0,0
31,1,2,3,2,3,1,3,2610,1,1,12,3,3,2,2,2,2,2,2
37,0,2,2,1,2,2,4,5731,7,1,13,3,3,9,3,6,2,1,3
27,0,2,3,2,2,1,3,2539,1,1,13,3,3,4,3,4,2,2,2
34,0,3,1,1,3,2,3,5714,1,1,20,4,1,6,2,6,5,1,3
35,0,1,4,2,3,1,3,4323,1,1,17,3,2,6,1,5,4,1,4
29,1,3,1,1,2,3,1,7336,1,1,13,3,1,11,1,11,8,3,10
40,0,2,4,1,3,3,3,13499,9,1,17,3,3,20,2,18,7,2,13
42,1,3,3,2,3,4,1,13758,0,2,12,3,2,22,2,21,9,13,14
42,0,3,4,2,3,2,1,5155,7,1,13,3,4,9,4,6,4,1,5
35,0,2,4,2,2,1,3,2258,6,1,12,3,2,10,3,8,0,1,7
24,0,2,3,2,3,1,2,3597,8,1,22,4,4,6,3,4,3,1,2
28,1,2,1,1,3,1,4,2515,1,2,11,3,4,1,2,1,1,0,0
26,0,2,4,2,4,1,4,4420,1,1,22,4,2,8,3,8,7,0,7
30,0,3,3,2,2,2,3,6578,1,1,18,3,1,10,3,10,3,1,4
40,0,2,2,1,2,2,4,4422,3,2,13,3,4,16,1,1,1,0,0
35,0,2,3,2,2,3,2,10274,2,1,18,3,2,15,4,7,7,6,4
34,0,2,3,2,2,2,1,5343,0,1,20,4,3,14,3,13,9,4,9
35,0,2,4,2,2,1,4,2376,1,1,13,3,2,2,4,2,2,2,2
43,1,3,3,1,1,2,3,5346,8,1,13,3,2,7,2,4,3,1,3
32,0,3,1,1,3,1,1,2827,1,1,12,3,3,1,3,1,0,0,0
56,0,2,4,1,3,5,1,19943,4,1,13,3,4,28,3,5,2,4,2
29,0,2,1,1,3,1,4,3131,1,1,13,3,1,10,3,10,8,0,8
19,0,2,2,2,3,1,1,2552,1,1,25,4,3,1,3,1,1,0,0
45,0,2,3,1,3,1,3,4477,4,2,19,3,3,7,2,3,2,0,2
37,0,2,3,1,2,2,4,6474,1,1,13,3,2,14,2,14,8,3,11
20,0,2,3,2,2,1,3,3033,1,1,12,3,1,2,2,2,2,1,2
44,1,2,4,2,3,1,3,2936,1,2,11,3,3,6,3,6,4,0,2
53,0,2,2,1,3,5,3,18606,3,1,18,3,2,26,3,7,7,4,7
29,0,2,1,1,1,1,4,2168,0,2,18,3,1,6,2,5,4,1,3
22,1,2,4,2,2,1,4,2853,0,2,11,3,2,1,3,0,0,0,0
46,0,3,3,1,3,4,1,17048,8,1,23,4,1,28,3,26,15,15,9
44,0,2,3,2,1,1,3,2290,2,1,13,3,4,6,3,0,0,0,0
33,0,1,3,2,3,1,3,3600,1,1,13,3,4,5,3,5,4,1,4
41,1,2,2,2,2,1,1,2107,6,1,17,3,1,5,1,1,0,0,0
30,0,3,4,2,3,2,1,4115,8,1,19,3,3,8,3,4,3,0,3
40,0,3,4,2,3,2,2,4327,5,1,12,3,4,5,3,0,0,0,0
50,0,2,3,1,3,4,1,17856,2,1,22,4,3,32,3,2,2,2,2
28,0,2,4,2,2,1,1,3196,1,1,12,3,3,6,3,6,5,3,3
46,0,2,2,2,3,5,2,19081,5,1,11,3,1,25,3,4,2,0,3
35,0,3,4,2,3,2,1,8966,3,2,15,3,4,15,3,7,7,1,7
24,1,2,2,1,3,1,2,2210,1,1,13,3,1,1,1,1,0,0,0
33,0,3,3,1,3,2,3,4539,1,1,12,3,1,10,2,10,7,0,1
36,0,2,4,2,1,1,3,2741,1,1,14,3,3,7,3,7,7,1,7
30,0,2,4,2,3,2,3,3491,1,1,13,3,1,10,2,10,7,8,9
44,0,2,4,2,3,2,4,4541,1,1,25,4,2,20,3,20,11,13,17
20,0,3,3,2,4,1,4,2678,1,1,17,3,4,2,3,2,1,2,2
46,0,2,4,2,3,2,4,7379,2,1,11,3,3,12,2,6,3,1,4
42,0,1,5,2,4,2,1,6272,7,1,16,3,1,10,4,4,3,0,3
60,0,3,4,2,4,2,4,5220,0,2,18,3,2,12,3,11,7,1,9
32,0,2,3,1,2,1,2,2743,1,1,20,4,3,2,3,2,2,2,2
32,0,2,2,1,3,2,3,4998,4,2,14,3,4,10,3,8,7,0,7
36,0,2,3,1,1,3,1,10252,2,2,21,4,3,17,3,7,7,7,7
33,0,2,3,2,3,1,4,2781,0,1,13,3,2,15,3,14,10,4,10
40,0,3,3,1,2,2,2,6852,7,1,12,3,2,7,4,5,1,1,3
25,0,3,4,2,3,2,4,4950,0,1,14,3,2,5,3,4,3,1,1
30,0,2,3,2,3,1,2,3579,0,2,21,4,1,12,3,11,9,5,7
42,0,2,5,1,3,3,1,13191,3,2,17,3,3,20,3,1,0,0,0
35,0,3,2,1,2,3,4,10377,4,2,11,3,2,16,2,13,2,4,12
27,0,2,3,2,3,1,1,2235,1,2,14,3,4,9,2,9,7,6,8
54,0,2,4,1,3,3,3,10502,7,1,17,3,1,33,1,5,4,1,4
44,0,2,1,1,4,1,4,2011,1,1,13,3,4,10,3,10,5,7,7
19,1,2,3,1,2,1,2,1859,1,2,25,4,2,1,4,1,1,0,0
29,0,2,3,1,3,1,4,3760,1,1,15,3,1,3,3,3,2,1,2
54,0,2,3,2,3,4,4,17779,3,1,14,3,1,36,3,10,9,0,9
31,0,2,2,2,3,2,1,6833,1,2,12,3,4,6,2,6,5,0,1
31,0,2,3,1,2,2,1,6812,1,1,19,3,2,10,3,10,9,1,8
59,0,3,3,1,2,2,4,5171,5,1,17,3,4,13,3,6,1,0,5
43,0,2,3,2,1,5,4,19740,3,1,14,3,2,25,3,8,7,0,7
49,0,2,2,2,2,5,3,18711,2,1,13,3,3,23,4,1,0,0,0
36,0,2,3,2,3,1,2,3692,1,1,12,3,3,12,2,11,10,0,7
48,0,2,2,2,4,1,2,2559,5,1,11,3,3,7,2,1,0,0,0
27,0,2,2,2,3,1,3,2517,1,1,11,3,2,5,3,5,3,0,3
29,0,2,3,2,3,2,4,6623,1,2,11,3,2,6,3,6,0,1,0
48,0,2,3,2,2,5,4,18265,6,1,12,3,3,25,4,1,0,0,0
29,0,2,3,1,2,4,4,16124,3,1,14,3,2,9,2,7,7,1,7
34,0,2,3,1,4,1,3,2585,0,1,17,3,4,2,2,1,0,0,0
44,0,3,3,2,3,5,2,18213,7,1,11,3,3,26,3,22,9,3,10
33,0,3,5,2,4,3,3,8380,0,2,14,3,4,10,3,9,8,0,8
19,0,2,3,1,4,1,4,2994,1,2,12,3,4,1,3,1,0,0,1
23,0,2,2,2,3,1,3,1223,1,1,22,4,4,1,3,1,0,0,1
25,1,3,1,2,1,1,4,1118,1,2,14,3,4,1,3,1,0,1,0
26,0,2,2,2,3,1,4,2875,1,2,20,4,2,8,2,8,5,2,2
45,1,3,3,1,1,5,2,18824,2,2,16,3,1,26,3,24,10,1,11
55,0,2,1,2,2,4,2,13577,1,2,15,3,4,34,3,33,9,15,0
21,1,2,2,1,2,1,3,2625,1,1,20,4,3,2,1,2,2,2,2
46,0,3,2,1,2,5,2,18789,2,1,14,3,3,26,3,11,4,0,8
34,0,3,3,1,3,2,1,4538,0,2,12,3,4,4,3,3,2,0,2
51,0,3,3,2,3,5,2,19847,4,2,24,4,1,31,2,29,10,11,10
59,0,2,4,2,3,3,4,10512,6,1,12,3,4,25,2,9,7,5,4
34,0,2,3,1,3,2,2,4444,4,1,13,3,3,15,4,11,8,5,10
28,0,2,4,2,3,1,3,2154,0,2,11,3,3,5,2,4,2,0,2
44,0,2,2,2,4,5,1,19190,1,1,14,3,4,26,2,25,9,14,13
34,0,1,3,2,2,2,2,4490,4,1,11,3,4,14,4,10,9,1,8
35,0,2,1,2,3,1,3,3506,0,2,14,3,4,4,3,3,2,2,2
42,0,2,4,1,4,2,2,2372,6,2,16,3,4,18,3,1,0,0,0
43,0,3,4,1,2,3,4,10231,3,1,14,3,4,23,4,21,7,15,17
36,0,2,4,1,3,2,2,5410,9,2,11,3,4,18,3,16,14,5,12
44,1,2,3,1,3,3,4,7978,1,1,11,3,4,10,3,10,7,0,5
28,0,2,3,2,2,1,4,3867,1,2,12,3,2,2,3,2,2,2,2
51,0,2,2,1,2,1,3,2838,0,1,14,3,2,8,2,7,0,7,7
30,0,2,2,1,3,2,3,4695,7,2,18,3,3,10,3,8,4,1,7
29,1,2,3,1,3,1,3,3339,3,2,13,3,1,10,3,7,7,7,7
28,0,2,3,2,3,1,1,2080,2,1,11,3,2,5,2,3,2,1,2
25,0,2,3,1,3,1,2,2096,1,1,18,3,4,2,2,2,2,2,1
32,0,3,3,2,4,2,4,6209,1,1,15,3,3,10,4,10,7,0,8
45,0,2,3,1,3,5,2,18061,3,1,22,4,3,22,3,0,0,0,0
39,0,2,4,1,2,4,2,17123,6,2,13,3,4,21,3,19,9,15,2
58,0,2,4,2,3,1,3,2372,1,1,12,3,4,2,3,2,2,2,2
32,1,2,2,2,3,2,3,4883,1,1,18,3,1,10,3,10,4,1,1
39,1,2,3,2,3,1,1,3904,0,1,13,3,1,6,3,5,2,0,3
30,0,2,3,1,2,2,4,4627,0,1,12,3,1,10,3,9,2,6,7
36,0,2,4,1,3,3,3,7094,3,1,12,3,1,10,3,7,7,1,7
46,0,1,2,1,3,1,1,3423,6,1,12,3,3,10,4,7,6,5,7
28,0,2,3,1,1,2,4,6674,0,1,11,3,1,10,3,9,8,7,5
50,0,2,3,1,3,4,1,16880,4,2,11,3,2,25,3,3,2,1,2
40,1,3,4,2,2,3,2,9094,2,2,12,3,3,9,3,5,4,1,0
52,1,3,3,2,3,3,2,8446,9,2,19,3,3,10,2,8,7,7,7
30,0,2,4,1,3,3,1,11916,1,2,23,4,4,9,3,9,1,0,8
39,0,2,2,2,3,2,3,4534,0,1,11,3,1,9,3,8,7,1,7
31,0,3,4,1,3,3,3,9852,1,2,19,3,1,10,2,10,8,9,6
41,0,3,2,2,1,2,2,6151,1,1,13,3,1,19,3,19,2,11,9
31,1,3,3,1,3,1,2,2302,1,2,11,3,1,3,4,3,2,2,2
44,1,2,3,2,3,1,1,2362,4,1,12,3,3,10,4,3,2,1,2
42,0,2,1,2,3,4,3,17861,0,2,13,3,4,21,2,20,8,2,10
55,0,2,2,1,1,5,3,19187,4,1,14,3,4,23,3,19,9,9,11
56,0,1,4,2,3,5,2,19717,6,1,14,3,1,36,3,7,3,7,7
40,0,2,2,2,3,1,3,3544,9,1,16,3,2,6,3,4,2,0,0
34,0,2,3,2,3,3,4,8500,0,1,11,3,4,10,2,9,7,1,6
40,0,2,3,2,3,2,4,4661,1,1,13,3,3,9,3,9,8,8,8
41,0,3,3,1,3,2,1,4103,0,1,17,3,4,10,3,9,3,1,7
35,0,2,4,2,3,2,3,4249,1,2,11,3,2,9,3,9,6,1,1
51,0,1,3,2,3,4,2,14026,1,2,11,3,2,33,3,33,9,0,10
38,0,3,2,1,3,2,1,6893,3,1,15,3,4,11,3,7,7,1,7
34,0,3,2,1,3,2,1,6125,1,1,12,3,4,10,4,10,8,9,6
25,0,2,1,2,3,1,4,3669,3,1,11,3,3,7,2,3,2,1,2
58,1,2,4,1,2,3,1,10008,7,2,14,3,4,31,2,10,9,5,9
40,0,2,4,2,3,1,2,2387,3,1,22,4,3,7,3,4,2,0,3
36,0,3,3,1,4,2,1,4639,2,1,16,3,4,17,2,15,7,6,13
48,0,2,3,2,3,3,4,7898,1,1,11,3,3,11,3,10,9,0,8
27,0,3,3,1,4,1,4,2534,8,1,14,3,2,5,3,1,0,0,0
51,0,2,2,1,2,4,2,13142,3,1,16,3,2,29,2,5,2,0,3
18,0,2,3,1,3,1,4,1611,1,1,15,3,3,0,4,0,0,0,0
35,0,2,3,1,2,2,4,5363,0,1,12,3,2,10,3,9,7,0,0
27,0,3,1,2,1,2,4,5071,3,1,20,4,2,8,3,6,2,0,0
55,1,3,4,2,4,4,3,13695,6,2,17,3,3,24,2,19,7,3,8
56,0,2,3,2,3,4,2,13402,4,2,12,3,1,33,3,19,16,15,9
34,0,2,1,1,2,1,3,2029,1,1,20,4,3,5,3,5,4,0,0
40,0,2,1,1,4,2,3,6377,5,1,20,4,2,15,3,12,11,11,8
34,0,2,3,2,3,2,3,5429,4,1,13,3,1,10,3,8,7,7,7
31,1,3,3,1,2,1,4,2785,7,1,14,3,3,3,4,1,0,0,0
35,1,3,4,1,3,2,3,4614,0,2,18,3,3,5,2,4,2,3,2
38,0,2,3,2,4,1,3,2610,1,1,11,3,4,4,3,4,2,0,3
34,0,2,4,1,3,2,4,6687,1,1,11,3,4,14,4,14,11,4,11
28,0,3,3,2,2,2,1,4724,1,1,11,3,3,5,3,5,3,0,4
31,1,2,4,2,3,2,3,6179,1,2,15,3,4,10,2,10,2,6,7
39,0,3,4,2,2,2,4,6120,3,2,12,3,4,8,4,5,4,1,4
51,0,3,3,2,3,3,2,10596,2,1,11,3,2,14,3,4,2,3,2
41,0,2,3,1,3,2,4,5467,3,2,14,3,1,12,2,6,2,3,3
37,0,2,1,2,3,1,3,2996,7,2,15,3,4,8,3,6,4,1,3
33,0,3,1,2,3,2,4,9998,6,1,13,3,1,8,4,5,4,1,2
32,0,3,1,2,3,2,2,4078,0,2,13,3,1,4,2,3,2,1,2
39,0,2,2,2,3,3,3,10920,3,1,21,4,2,13,3,6,4,0,5
25,0,3,1,2,4,2,3,6232,2,1,11,3,2,6,2,3,2,1,2
52,0,2,2,1,4,4,3,13247,2,2,11,3,2,24,2,5,3,0,2
43,0,2,3,1,2,2,3,4081,1,2,14,3,1,20,1,20,7,1,8
27,0,3,3,1,2,2,4,5769,1,2,11,3,4,6,3,6,2,4,4
27,1,2,4,1,3,1,3,2394,1,2,13,3,4,8,3,8,2,7,7
26,0,2,1,2,2,1,4,3904,0,1,12,3,4,5,3,4,3,1,1
42,0,1,3,1,3,4,1,16799,0,1,14,3,3,21,3,20,7,0,9
52,0,2,4,1,3,1,1,2950,9,1,13,3,3,12,1,5,4,0,4
37,0,2,3,1,3,1,3,3629,4,1,18,3,1,8,3,3,2,0,2
35,0,2,2,2,3,3,4,9362,2,1,11,3,3,10,3,2,2,2,2
25,0,2,3,2,3,1,4,3229,4,1,11,3,2,7,2,3,2,0,2
26,0,2,3,2,4,1,1,3578,0,1,12,3,4,8,3,7,7,0,7
29,0,1,3,2,2,3,1,7988,1,1,13,3,1,10,2,10,9,0,9
49,1,2,2,2,2,2,1,4284,3,1,20,4,1,20,3,4,3,1,3
29,1,2,1,1,3,3,4,7553,0,2,12,3,1,9,3,8,7,7,7
54,0,2,3,1,3,4,4,17328,6,1,19,3,4,29,2,20,7,12,7
58,0,2,3,1,3,5,1,19701,3,2,21,4,3,32,3,9,8,1,5
55,0,2,4,2,4,4,4,14732,2,1,13,3,4,31,4,7,7,0,0
36,0,3,4,1,3,2,2,9278,3,2,16,3,4,15,3,5,4,0,1
31,1,3,4,1,1,1,3,1359,1,1,12,3,2,1,3,1,0,0,0
30,0,3,4,1,3,2,1,4779,7,1,14,3,2,8,3,3,2,0,2
31,0,2,5,1,3,4,2,16422,3,1,11,3,3,9,4,3,2,1,0
34,0,2,4,2,3,1,1,2996,5,1,14,3,3,10,3,4,3,1,3
31,1,2,3,1,2,1,2,1261,1,1,12,3,3,1,4,1,0,0,0
27,0,2,1,2,3,1,1,2099,0,1,14,3,2,6,4,5,0,1,4
36,0,2,4,2,2,2,4,5810,1,1,16,3,3,10,2,10,4,1,8
36,0,3,4,1,2,2,1,5647,4,1,13,3,1,11,2,3,2,0,2
47,0,2,3,2,3,1,4,3420,7,1,12,3,3,17,2,6,5,1,2
25,1,3,2,2,2,1,1,4400,3,1,12,3,1,6,3,3,2,2,2
37,0,2,2,2,4,1,3,3500,0,1,14,3,1,7,1,6,5,1,3
56,0,2,2,1,3,1,1,2066,2,1,22,4,4,5,4,3,2,1,0
47,0,2,4,1,3,4,3,17169,3,1,19,3,2,26,4,20,17,5,6
24,0,3,1,1,3,2,3,4162,1,2,12,3,3,5,3,5,4,0,3
32,0,3,5,2,3,2,4,9204,4,1,12,3,3,7,2,4,3,0,3
34,0,2,3,1,2,1,2,3294,5,1,17,3,1,7,2,5,4,0,2
41,0,2,5,2,4,1,3,2127,2,2,12,3,1,7,2,4,2,0,3
40,0,2,4,2,3,2,3,3975,3,1,11,3,3,11,4,8,7,0,7
31,0,3,2,2,3,3,4,10793,1,1,18,3,1,13,3,13,7,9,9
46,1,3,3,2,3,3,4,10096,4,1,11,3,1,28,4,7,7,4,3
39,1,2,3,1,2,1,1,3646,2,2,23,4,2,11,4,1,0,0,0
31,1,2,5,1,4,3,2,7446,1,1,11,3,1,10,3,10,8,4,7
45,0,2,3,2,1,3,1,10851,2,2,18,3,2,24,3,7,7,0,7
31,0,1,2,1,4,1,2,2109,9,1,18,3,4,8,3,3,2,0,2
31,1,2,3,2,3,1,4,3722,6,2,13,3,3,7,1,2,2,2,2
45,0,2,3,2,3,3,4,9380,4,2,18,3,4,10,4,3,1,1,2
48,0,3,3,2,3,2,1,5486,4,1,11,3,1,15,3,2,2,2,2
34,1,1,4,1,3,1,3,2742,1,1,15,3,4,2,3,2,2,2,2
40,0,2,1,2,2,3,2,13757,2,1,11,3,3,16,3,9,8,4,8
28,0,3,3,2,3,2,1,8463,0,1,18,3,4,6,3,5,4,1,3
44,0,2,3,2,2,1,3,3162,3,1,14,3,4,7,3,5,2,0,3
53,0,2,3,2,4,4,2,16598,4,1,12,3,2,35,2,9,8,8,8
49,0,2,4,2,3,2,3,6651,2,1,14,3,2,20,2,3,2,1,2
40,0,2,3,2,3,1,3,2345,2,1,14,3,3,8,4,3,1,1,2
44,0,2,3,2,3,1,2,3420,1,1,13,3,3,6,2,5,2,1,3
33,0,3,3,2,3,2,1,4373,0,1,14,3,1,5,3,4,3,0,3
34,0,3,3,2,1,2,1,4759,3,1,18,3,4,15,3,13,9,3,12
30,0,3,1,2,3,2,3,5301,8,1,15,3,3,4,2,2,1,2,2
42,0,2,2,1,3,1,4,3673,1,1,13,3,3,12,3,12,9,5,8
44,0,3,5,1,3,2,3,4768,7,1,12,3,3,11,2,1,0,0,0
30,0,2,3,2,3,1,3,1274,1,1,13,3,2,1,2,1,0,0,0
57,0,2,2,2,4,2,3,4900,0,1,24,4,1,13,2,12,9,2,8
49,0,2,4,2,3,3,2,10466,3,1,14,3,2,29,3,8,7,0,7
34,0,2,3,2,3,4,1,17007,7,1,14,3,4,16,2,14,8,6,9
28,1,3,3,2,3,1,3,2909,3,1,15,3,4,5,4,3,2,1,2
29,1,3,3,1,3,2,2,5765,5,1,11,3,1,7,1,5,3,0,0
34,1,3,4,1,2,2,2,4599,0,2,23,4,3,16,4,15,9,10,10
35,0,3,1,2,3,1,3,2404,1,1,13,3,1,1,3,1,0,0,0
24,1,2,3,2,3,1,1,3172,2,2,11,3,3,4,2,0,0,0,0
24,0,3,2,1,3,1,2,2033,1,1,13,3,3,1,3,1,0,0,0
44,0,2,1,2,3,3,3,10209,5,2,18,3,2,16,2,2,2,2,2
29,0,3,3,2,2,2,3,8620,1,1,14,3,3,10,3,10,7,0,4
30,0,1,3,2,3,1,3,2064,0,1,21,4,1,6,4,5,3,1,3
55,0,2,4,2,3,2,3,4035,0,2,16,3,2,4,3,3,2,1,2
33,0,2,4,1,2,1,2,3838,8,1,11,3,4,8,3,5,4,0,2
47,0,3,3,1,3,2,3,4591,3,2,17,3,3,11,2,5,4,1,2
28,1,2,2,2,2,1,1,2561,7,1,11,3,3,8,2,0,0,0,0
28,0,2,3,2,2,1,3,1563,1,1,14,3,4,1,1,1,0,0,0
28,0,3,3,2,3,2,1,4898,0,1,14,3,4,5,3,4,2,1,3
49,0,2,2,1,2,2,1,4789,4,1,25,4,1,10,3,3,2,1,2
29,0,2,1,1,3,1,2,3180,0,1,13,3,3,4,3,3,2,0,2
28,0,2,1,2,1,2,2,6549,1,1,14,3,2,8,2,8,6,1,7
33,0,2,5,2,3,2,3,6388,2,2,17,3,1,14,3,0,0,0,0
32,0,2,3,2,3,3,4,11244,2,1,25,4,2,10,4,5,2,0,0
54,0,2,4,1,3,4,4,16032,3,1,20,4,1,26,3,14,9,1,12
29,1,2,4,2,2,1,1,2362,6,1,13,3,3,11,1,9,7,0,7
44,0,2,3,2,3,4,1,16328,3,1,13,3,3,24,4,20,6,14,17
39,0,2,3,1,3,3,2,8376,4,1,18,3,4,9,3,2,0,2,2
46,0,3,3,1,3,4,2,16606,8,1,12,3,4,23,4,13,12,5,1
35,0,2,3,1,2,3,2,8606,1,1,19,3,4,11,1,11,8,3,3
23,0,2,1,2,3,2,3,2272,0,1,14,3,2,5,3,4,3,1,2
40,1,2,4,2,3,1,1,2018,3,1,14,3,2,15,1,5,4,1,0
34,0,3,3,2,2,3,3,7083,1,2,14,3,4,10,3,10,9,8,6
31,1,2,3,1,3,1,3,4084,1,1,12,3,1,7,1,7,2,7,7
50,0,2,5,2,1,4,4,14411,1,2,13,3,4,32,3,32,6,13,9
34,0,3,2,2,3,1,3,2308,0,2,25,4,2,12,3,11,10,5,7
42,0,2,3,2,2,1,2,4841,4,1,14,3,2,4,3,1,0,0,0
37,0,2,3,2,3,2,4,4285,1,1,17,3,1,10,3,10,8,3,7
29,0,2,1,1,1,2,1,9715,3,1,13,3,3,9,3,7,7,0,7
33,0,2,3,2,2,2,2,4320,1,1,13,3,4,5,3,5,3,0,2
45,0,2,3,2,3,1,4,2132,4,1,20,4,4,8,3,5,4,0,3
42,0,2,3,2,3,3,4,10124,2,2,14,3,3,24,1,20,8,13,9
40,0,3,2,2,3,2,1,5473,0,1,12,3,4,9,4,8,4,7,1
33,0,2,4,2,3,2,3,5207,1,2,12,3,2,15,3,15,14,5,7
40,0,1,2,2,3,4,4,16437,1,2,21,4,4,21,3,21,7,7,7
24,0,2,2,2,2,1,1,2296,0,1,14,3,2,2,3,1,1,0,0
40,0,2,2,2,3,2,4,4069,3,2,18,3,3,8,3,2,2,2,2
45,0,2,4,2,3,3,2,7441,1,1,12,3,1,10,3,10,8,7,7
35,0,3,4,1,2,1,3,2430,0,1,23,4,1,6,3,5,3,4,2
32,0,2,2,1,2,2,2,5878,3,1,12,3,1,12,3,7,1,2,5
36,0,3,4,2,3,1,4,2644,3,2,21,4,4,7,2,3,2,1,2
48,0,3,4,1,3,2,3,6439,8,1,14,3,3,18,3,8,7,7,7
29,0,2,3,2,4,1,3,2451,6,1,18,3,1,5,2,1,0,0,0
33,0,3,4,2,3,2,1,6392,2,1,13,3,4,8,1,2,2,2,2
30,1,3,3,2,2,2,1,9714,1,1,11,3,4,10,3,10,8,6,7
38,0,1,4,2,3,2,3,6077,3,1,11,3,3,10,3,6,3,1,2
35,0,2,3,2,2,1,1,2450,1,1,19,3,2,3,3,3,0,1,2
30,0,3,4,2,3,3,2,9250,3,1,12,3,2,9,3,4,2,1,3
35,1,2,3,1,3,1,1,2074,1,2,12,3,4,1,3,1,0,0,0
53,1,2,5,1,2,3,4,10169,0,1,16,3,2,34,3,33,7,1,9
38,1,2,3,2,3,2,2,4855,4,1,11,3,1,7,3,5,2,1,4
32,0,2,4,2,3,2,1,4087,4,1,14,3,2,9,2,6,5,1,2
48,0,2,4,1,3,1,1,2367,8,1,12,3,4,10,2,8,2,7,6
34,0,2,4,2,3,1,4,2972,1,1,13,3,3,1,1,1,0,0,0
55,0,3,5,2,2,5,4,19586,1,1,21,4,3,36,3,36,6,2,13
34,0,2,4,2,3,2,4,5484,9,1,17,3,2,9,2,2,2,2,1
26,0,2,3,1,3,1,4,2061,1,1,21,4,1,1,3,1,0,0,0
38,0,3,3,2,3,2,2,9924,0,1,11,3,4,10,3,9,8,7,7
38,0,3,3,1,3,2,2,4198,2,1,12,3,2,8,4,3,2,1,2
36,0,3,4,1,3,2,3,6815,6,1,13,3,1,15,3,1,0,0,0
29,0,2,1,2,3,1,1,4723,1,2,18,3,4,10,3,10,9,1,5
35,0,2,4,1,3,2,3,6142,3,2,16,3,3,10,3,5,2,0,4
39,0,3,3,2,4,3,3,8237,2,1,11,3,1,11,3,7,6,7,6
29,0,2,1,2,3,2,4,8853,1,1,19,3,4,6,4,6,4,1,3
50,0,3,3,2,3,5,3,19331,4,2,16,3,3,27,3,1,0,0,0
23,0,2,3,2,4,1,3,2073,2,1,16,3,4,4,3,2,2,2,2
36,0,2,4,2,4,2,1,5562,3,2,13,3,4,9,3,3,2,0,2
42,0,2,2,2,2,5,4,19613,8,1,22,4,4,24,3,1,0,0,1
35,0,2,3,2,4,2,3,3407,1,1,17,3,4,10,2,10,9,6,8
34,0,2,4,2,2,2,3,5063,1,1,14,3,2,8,2,8,2,7,7
40,0,3,2,1,3,2,1,4639,1,1,15,3,3,5,3,5,4,1,2
43,0,2,3,2,4,1,2,4876,5,1,12,3,3,8,3,6,4,0,2
35,0,2,2,2,2,1,4,2690,1,1,18,3,4,1,2,1,0,0,1
46,0,3,4,2,4,4,1,17567,1,1,15,3,2,27,1,26,0,0,12
28,1,2,3,2,3,1,2,2408,1,2,17,3,3,1,3,1,1,0,0
22,0,2,2,1,2,1,3,2814,1,2,14,3,2,4,2,4,2,1,3
50,0,2,5,2,3,4,3,11245,2,2,15,3,3,32,3,30,8,12,13
32,0,2,4,1,4,1,4,3312,3,1,17,3,4,6,3,3,2,0,2
44,0,2,3,1,3,5,4,19049,0,2,14,3,4,23,2,22,7,1,10
30,0,2,3,2,2,1,2,2141,1,1,12,3,2,6,2,6,4,1,1
45,0,2,5,1,1,2,1,5769,1,2,14,3,1,10,3,10,7,1,4
45,0,3,3,2,2,2,1,4385,1,1,15,3,1,10,3,10,7,4,5
31,0,3,4,2,3,2,1,5332,7,1,13,3,4,10,3,5,2,0,3
36,0,2,4,1,3,2,3,4663,9,2,12,3,2,7,3,3,2,1,1
34,0,2,4,2,4,2,4,4724,1,1,13,3,1,9,3,9,7,7,2
49,0,2,4,1,3,1,1,3211,1,1,14,3,4,10,2,9,6,1,4
39,0,2,5,2,3,2,1,5377,2,1,13,3,4,10,3,7,7,7,7
27,0,2,3,2,2,1,1,4066,1,1,11,3,1,7,3,7,7,0,7
35,0,2,5,2,4,2,1,5208,1,1,11,3,4,16,3,16,15,1,10
28,0,2,3,1,1,2,1,4877,0,1,21,4,2,6,2,5,3,0,0
21,0,2,1,2,3,1,4,3117,1,1,18,3,3,3,3,2,2,2,2
18,1,3,2,1,3,1,4,1569,1,2,12,3,3,0,4,0,0,0,0
47,0,1,4,1,3,5,3,19658,3,1,11,3,3,27,3,5,2,1,0
39,0,2,2,2,2,2,3,3069,0,1,15,3,4,11,3,10,8,0,7
40,0,2,3,1,2,3,3,10435,1,1,13,3,4,18,3,18,15,14,12
35,0,2,4,1,3,2,3,4148,1,1,12,3,4,15,3,14,11,2,9
37,0,2,3,2,3,2,3,5768,3,1,17,3,1,9,2,4,3,0,2
39,0,2,3,1,3,2,3,5042,0,1,13,3,4,10,1,9,2,3,8
45,0,2,2,1,2,2,4,5770,1,1,19,3,1,10,3,10,7,3,9
38,0,2,2,1,2,3,3,7756,3,2,19,3,4,10,4,5,4,0,2
35,1,3,3,2,2,3,1,10306,9,1,17,3,3,15,3,13,12,6,0
37,0,2,3,1,3,1,2,3936,1,1,11,3,1,8,1,8,4,7,7
40,0,2,3,1,3,3,4,7945,6,2,15,3,4,18,2,4,2,3,3
44,0,1,5,2,3,2,4,5743,4,2,11,3,3,14,3,10,7,0,2
48,0,2,5,2,2,4,4,15202,2,1,25,4,2,23,3,2,2,2,2
35,1,3,2,2,1,2,4,5440,6,2,14,3,4,7,2,2,2,2,2
24,0,2,1,1,3,1,4,3760,1,2,13,3,3,6,3,6,3,1,3
27,0,2,3,1,4,1,3,3517,7,1,17,3,1,5,3,3,2,0,2
27,0,2,3,2,3,1,4,2580,2,1,13,3,3,6,2,4,2,1,2
40,1,2,3,2,3,1,1,2166,3,2,14,3,2,10,1,4,2,0,3
29,0,3,3,2,2,2,3,5869,9,1,11,3,3,8,3,5,2,1,4
36,0,2,4,1,3,3,1,8008,4,1,12,3,3,9,3,3,2,0,2
25,0,2,1,2,4,2,3,5206,1,1,17,3,3,7,3,7,7,0,7
39,0,2,3,2,3,2,2,5295,4,1,21,4,3,7,3,5,4,1,0
49,0,2,4,1,3,4,2,16413,3,1,16,3,2,27,3,4,2,1,2
50,0,2,5,1,2,3,1,13269,5,1,15,3,3,19,3,14,11,1,11
20,0,3,3,1,3,1,3,2783,1,1,19,3,1,2,3,2,2,2,2
34,0,2,3,1,3,2,2,5433,1,1,12,3,3,11,3,11,8,7,9
36,0,2,3,2,3,1,2,2013,2,1,11,3,3,15,3,4,3,1,3
49,0,2,1,1,2,4,3,13966,2,2,19,3,2,30,3,15,11,2,12
36,0,2,4,1,2,2,3,4374,0,1,15,3,3,4,3,3,2,1,2
36,0,2,2,2,4,2,1,6842,6,1,20,4,1,13,3,5,4,0,4
54,0,2,5,1,3,4,3,17426,3,1,25,4,3,36,3,10,8,4,7
43,0,2,2,2,2,4,3,17603,1,1,24,4,1,14,3,14,10,6,11
35,1,3,4,2,3,2,4,4581,3,2,24,4,1,13,4,11,9,6,7
38,0,2,3,2,3,2,4,4735,7,1,15,3,4,19,4,13,11,2,9
29,0,3,3,2,2,2,2,4187,1,2,13,3,2,10,2,10,0,0,9
33,0,3,4,2,3,2,4,5505,1,1,14,3,3,6,3,6,2,0,4
32,0,2,3,2,3,2,2,5470,0,1,13,3,3,10,2,9,5,1,6
31,0,3,4,1,3,2,4,5476,1,1,11,3,1,10,3,10,0,0,2
49,0,2,3,1,3,1,1,2587,4,2,16,3,2,17,2,2,2,2,2
38,0,2,3,1,2,1,2,2440,1,1,22,4,2,4,3,4,3,3,3
47,0,3,4,1,4,4,2,15972,6,1,14,3,3,29,3,3,2,1,2
49,0,2,3,2,3,4,3,15379,4,1,14,3,1,23,3,8,7,0,0
41,0,3,2,2,3,3,3,7082,3,2,16,3,4,21,3,2,0,0,2
20,0,3,1,2,3,1,1,2728,1,1,11,3,1,2,3,2,2,0,2
33,0,3,3,1,3,2,4,5368,1,2,25,4,3,7,3,6,5,1,2
36,0,2,4,2,3,2,3,5347,6,1,14,3,2,10,2,3,2,0,2
44,0,1,3,1,3,1,4,3195,4,2,18,3,1,8,3,2,2,2,2
23,1,2,1,2,2,1,3,3989,1,2,11,3,1,5,3,5,4,1,2
38,0,2,2,1,3,1,3,3306,7,1,19,3,4,7,2,0,0,0,0
53,0,2,4,2,4,3,4,7005,3,1,15,3,3,11,3,4,3,1,2
48,1,3,2,1,3,1,3,2655,2,2,11,3,3,19,3,9,7,7,7
32,1,2,4,2,3,1,2,1393,1,1,12,3,1,1,3,1,0,0,0
26,0,2,3,2,3,1,4,2570,1,1,20,4,3,7,3,7,7,5,7
55,0,2,3,2,2,1,2,3537,5,1,12,3,4,8,3,4,2,1,2
34,0,2,2,2,2,2,4,3986,1,1,14,3,3,15,4,15,10,4,13
60,0,2,4,2,1,3,4,10883,3,1,20,4,3,19,4,1,0,0,0
33,0,2,3,2,4,1,2,2028,1,1,18,3,4,14,3,14,11,2,13
37,0,3,4,2,1,2,4,9525,1,1,14,3,3,6,2,6,3,1,3
34,0,2,3,1,2,1,4,2929,1,1,12,3,2,10,3,10,9,8,7
23,1,3,3,2,3,1,4,2275,1,2,21,4,2,3,3,3,2,0,2
44,0,2,3,1,4,3,4,7879,1,2,19,3,2,9,3,8,7,6,7
35,0,2,4,2,2,1,4,4930,0,2,14,3,3,6,4,5,4,1,4
43,0,3,3,2,3,2,4,7847,1,2,17,3,1,10,3,10,9,8,8
24,0,2,3,2,4,1,3,4401,1,1,16,3,4,5,3,5,3,0,4
41,0,3,3,2,3,3,3,9241,1,1,12,3,2,10,3,10,8,8,7
29,0,2,4,1,3,1,3,2974,9,1,17,3,3,9,3,5,3,1,2
36,0,3,4,1,3,2,4,4502,3,1,15,3,3,17,2,13,7,6,7
45,0,2,1,2,2,3,3,10748,3,1,23,4,4,25,2,23,15,14,4
24,1,1,1,2,1,1,3,1555,1,1,11,3,3,1,3,1,0,0,0
47,1,3,3,2,1,4,3,12936,7,1,11,3,3,25,1,23,5,14,10
26,0,2,4,2,1,1,3,2305,1,1,15,3,3,3,4,3,2,0,2
45,0,2,2,1,2,4,2,16704,1,1,11,3,3,21,3,21,6,8,6
32,0,2,3,2,3,1,3,3433,6,1,13,3,1,10,2,5,2,1,3
31,0,2,4,2,3,1,3,3477,1,1,14,3,4,6,4,5,2,0,3
41,0,1,3,2,1,2,2,6430,6,1,19,3,2,10,3,3,2,1,2
40,0,2,2,1,3,2,1,6516,2,2,16,3,2,18,3,1,0,0,0
24,0,2,1,2,3,1,1,3907,1,1,13,3,2,6,4,6,2,1,2
46,0,2,4,2,3,2,2,5562,6,1,14,3,4,19,3,10,7,0,9
35,0,2,4,2,3,2,3,6883,2,1,16,3,2,17,3,7,7,0,7
30,0,2,1,2,3,1,4,2862,1,1,12,3,2,10,2,10,0,0,8
47,0,3,4,2,3,2,2,4978,7,1,11,3,4,4,1,1,0,0,0
46,0,3,3,2,3,3,4,10368,4,2,12,3,2,13,2,10,6,0,3
36,1,3,5,2,2,2,1,6134,5,2,13,3,2,16,3,2,2,2,2
32,1,3,2,2,1,2,2,6735,6,1,15,3,2,10,3,0,0,0,0
23,0,2,1,1,3,1,2,3295,1,1,13,3,3,3,1,3,2,1,2
31,0,2,1,1,3,2,4,5238,2,1,20,4,4,9,2,5,4,1,4
39,0,2,3,2,3,2,4,6472,1,2,15,3,4,9,3,9,8,5,8
32,0,3,3,2,1,3,3,9610,3,1,13,3,3,10,1,4,3,0,2
40,0,3,4,2,3,5,2,19833,1,1,14,3,2,21,2,21,8,12,8
45,0,1,3,1,1,3,3,9756,4,1,21,4,3,9,4,5,0,0,3
30,0,2,4,1,2,1,1,4968,0,1,16,3,4,10,3,9,7,0,7
24,0,1,3,2,3,1,4,2145,0,1,14,3,4,3,3,2,2,2,1
30,1,1,3,1,2,1,4,2180,6,1,11,3,3,6,2,4,2,1,2
31,0,3,3,2,3,2,3,8346,1,1,19,3,3,6,3,5,2,0,2
27,0,2,3,1,3,1,4,3445,1,1,11,3,3,6,2,6,2,1,4
29,1,3,3,1,1,1,2,2760,1,1,13,3,3,2,3,2,2,2,2
29,0,2,3,2,4,2,3,6294,8,2,12,3,4,10,4,3,2,0,2
30,0,3,2,2,2,3,1,7140,2,1,11,3,1,12,3,7,7,1,7
34,0,2,4,2,4,1,4,2932,0,2,14,3,1,6,3,5,0,1,2
33,0,3,3,1,3,2,2,5147,8,1,15,3,4,13,2,11,7,1,7
49,0,3,4,1,3,2,4,4507,3,1,12,3,3,8,4,5,1,0,4
33,1,3,3,1,3,3,1,8564,2,2,20,4,3,11,2,0,0,0,0
38,0,2,2,1,2,1,2,2468,4,1,14,3,2,9,2,6,1,0,5
31,1,3,4,2,3,3,3,8161,2,1,13,3,1,10,3,1,0,0,0
29,0,2,3,1,2,1,1,2109,1,1,13,3,3,1,3,1,0,0,0
30,0,2,3,2,4,2,3,5294,3,1,16,3,3,10,3,7,0,1,7
32,0,2,4,2,3,1,2,2718,2,1,14,3,2,12,3,7,7,0,7
38,0,2,3,2,1,2,4,5811,3,2,16,3,3,15,3,1,0,1,0
43,1,2,3,2,2,1,3,2437,9,2,16,3,4,6,3,1,0,0,0
42,0,2,3,2,3,1,2,2766,8,1,22,4,2,7,2,5,3,0,4
55,0,2,3,2,2,5,1,19038,8,1,12,3,2,34,3,1,0,0,0
33,0,2,3,2,3,2,2,3055,5,1,15,3,4,11,2,9,8,1,7
41,0,2,4,2,3,1,1,2289,1,1,20,4,2,5,3,5,3,0,4
34,0,3,3,2,3,2,3,4001,1,2,14,3,3,15,3,15,14,0,7
53,0,2,4,1,2,4,3,12965,4,2,20,4,4,27,2,3,2,0,2
43,0,1,3,2,3,1,4,3539,0,1,13,3,2,10,3,9,7,1,8
34,0,3,2,1,1,2,4,6029,5,1,12,3,1,6,3,2,2,2,2
21,1,3,1,2,3,1,2,2679,1,1,13,3,2,1,3,1,0,1,0
38,0,2,2,1,2,1,3,3702,1,1,11,3,2,5,3,5,4,0,4
22,1,2,1,1,3,1,1,2398,1,2,17,3,3,1,3,1,0,0,0
31,0,3,4,1,2,2,4,5468,1,1,14,3,1,13,3,12,7,5,7
51,0,2,3,1,3,3,3,13116,2,1,11,3,4,15,3,2,2,2,2
37,0,3,2,2,2,2,2,4189,1,1,14,3,1,5,3,5,2,0,3
46,0,2,4,2,3,5,4,19328,7,2,17,3,3,24,3,2,1,2,2
36,0,2,3,2,3,3,1,8321,7,2,13,3,4,15,3,12,8,5,7
44,1,2,2,2,3,1,2,2342,1,2,12,3,3,6,2,5,3,2,3
37,0,1,2,2,3,2,2,4071,2,1,13,3,3,19,2,10,0,4,7
35,1,3,3,2,3,2,4,5813,1,2,18,3,4,10,3,10,7,7,7
33,0,2,4,2,4,1,1,3143,6,1,19,3,2,14,3,10,8,7,6
28,0,2,3,2,3,1,4,2044,1,1,11,3,3,5,4,5,3,0,3
39,0,2,1,2,3,3,3,13464,7,1,21,4,3,9,3,4,3,2,2
46,0,3,2,2,2,2,2,7991,8,1,15,3,3,6,3,2,2,2,2
40,0,2,2,1,3,1,1,3377,4,1,17,3,4,7,2,4,3,0,2
42,0,2,3,2,4,2,1,5538,5,1,18,3,3,10,2,0,0,0,0
35,0,2,2,2,3,2,4,5762,2,1,14,3,3,15,3,7,7,1,7
38,0,1,3,2,3,1,2,2592,5,1,13,3,4,13,3,11,10,3,8
34,1,2,4,2,3,2,1,5346,4,1,17,3,3,11,2,7,1,0,7
37,1,2,4,2,3,2,1,4213,1,1,15,3,2,10,1,10,3,0,8
39,0,3,3,2,3,2,4,4127,2,1,18,3,4,7,3,2,1,2,2
43,0,2,3,2,3,1,3,2438,4,1,13,3,3,7,2,3,2,1,2
41,0,2,3,2,4,2,2,6870,3,1,12,3,1,11,1,3,2,1,2
41,0,3,1,1,3,3,3,10447,0,2,13,3,4,23,4,22,14,13,5
30,0,2,3,1,3,3,3,9667,9,1,14,3,2,9,3,7,7,0,2
26,1,1,2,1,3,1,2,2148,0,2,11,3,3,6,3,5,1,1,4
46,1,2,2,1,3,2,2,8926,4,1,22,4,4,13,4,9,7,3,7
40,0,2,3,1,3,2,4,6513,4,1,17,3,4,12,3,5,3,0,3
34,0,3,2,2,4,2,3,6799,1,1,21,4,3,10,3,10,8,4,8
58,0,3,3,2,3,4,2,16291,4,1,22,4,4,37,2,16,9,14,14
35,0,2,4,2,1,1,3,2705,0,1,16,3,2,6,4,5,4,0,3
47,0,2,3,1,2,3,2,10333,8,2,12,3,3,28,3,22,11,14,10
40,0,2,3,1,3,2,1,4448,2,1,12,3,2,15,3,7,4,7,7
54,0,2,4,1,3,2,4,6854,4,1,15,3,2,14,2,7,1,1,7
31,0,3,4,1,3,3,1,9637,2,1,14,3,4,9,3,3,2,2,2
28,0,2,3,1,3,1,1,3591,1,1,25,4,3,3,3,3,2,1,2
38,0,3,4,1,1,2,4,5405,2,2,20,4,1,20,2,4,2,0,3
26,0,3,3,2,3,2,4,4684,1,1,13,3,1,5,3,5,3,1,2
58,0,2,4,2,3,4,3,15787,2,2,14,3,2,23,3,2,2,2,2
18,0,2,3,1,3,1,3,1514,1,1,16,3,3,0,1,0,0,0,0
31,1,1,5,2,4,1,1,2956,0,1,17,3,3,2,3,1,0,0,0
29,1,1,3,2,2,1,1,2335,4,2,15,3,4,4,3,2,2,2,0
45,0,3,4,1,3,2,3,5154,4,1,22,4,2,10,4,8,7,5,7
36,0,2,4,1,3,2,2,6962,4,2,22,4,4,15,3,1,0,0,0
43,0,3,4,2,3,2,4,5675,1,1,20,4,3,7,3,7,7,7,7
27,0,2,2,1,3,1,4,2379,0,2,14,3,3,6,2,5,4,0,2
29,0,2,1,2,3,1,4,3812,1,1,13,3,2,11,4,11,8,3,10
32,0,3,4,2,3,2,4,4648,8,1,13,3,3,4,4,0,0,0,0
42,0,2,4,2,3,1,3,2936,3,1,22,4,2,10,2,6,3,3,3
47,0,2,4,1,3,1,3,2105,4,1,12,3,3,7,3,2,2,2,0
46,0,2,2,2,3,3,4,8578,3,1,14,3,3,12,2,9,8,4,7
28,0,1,2,2,3,1,4,2706,1,1,15,3,2,3,3,3,2,2,2
29,0,2,1,2,1,2,3,6384,8,1,17,3,4,11,3,7,0,1,6
42,0,2,3,2,3,1,3,3968,4,1,13,3,4,8,3,0,0,0,0
32,1,3,4,2,2,2,2,9907,7,2,12,3,3,7,2,2,2,2,2
46,0,3,3,1,4,4,1,13225,2,1,12,3,4,25,3,19,17,2,8
27,0,3,1,1,2,2,3,3540,1,1,21,4,4,9,3,9,8,5,8
29,0,1,1,2,2,1,2,2804,1,1,11,3,4,1,3,1,0,0,0
43,0,2,3,1,2,5,3,19392,7,1,13,3,4,21,3,16,12,6,14
48,0,2,3,2,2,5,2,19665,4,1,12,3,4,29,3,22,10,12,9
29,1,2,2,2,2,1,4,2439,1,2,24,4,2,1,2,1,0,1,0
46,1,3,3,1,3,3,2,7314,5,1,21,4,3,14,3,8,7,0,7
27,0,2,3,1,2,1,1,4774,0,1,19,3,4,8,2,7,6,7,3
39,0,2,4,2,3,2,4,3902,8,1,14,3,2,7,3,2,2,2,2
55,0,2,4,2,2,1,4,2662,8,1,20,4,2,19,4,5,2,0,4
28,0,3,3,1,3,1,2,2856,1,1,19,3,4,1,3,1,0,0,0
30,1,3,3,2,3,1,4,1081,1,1,13,3,3,1,2,1,0,0,0
22,1,2,1,2,3,1,2,2472,1,2,23,4,1,1,3,1,0,0,0
36,0,3,4,1,2,2,3,5673,1,2,13,3,1,10,3,10,9,1,7
31,0,2,3,2,3,2,3,4197,1,1,11,3,1,10,3,10,8,0,2
34,0,3,3,2,3,3,4,9713,2,2,13,3,4,9,3,5,3,1,0
29,0,2,3,2,3,1,1,2062,3,1,14,3,2,11,3,3,2,1,2
37,0,2,4,2,3,2,1,4284,5,2,22,4,3,16,3,5,3,0,4
35,0,2,2,1,2,2,2,4788,0,2,11,3,4,4,3,3,2,0,2
45,0,2,2,1,2,2,4,5906,0,1,13,3,4,10,2,9,8,3,8
36,0,1,1,2,2,2,4,3886,1,1,21,4,4,10,2,10,1,0,8
40,0,2,4,2,3,4,1,16823,2,1,11,3,1,22,3,19,7,11,16
26,0,2,2,1,2,1,3,2933,1,2,13,3,3,1,2,1,0,1,0
27,0,3,2,1,4,2,3,6500,0,1,14,3,2,9,2,8,7,0,7
48,0,2,3,1,3,4,4,17174,3,1,11,3,2,24,3,22,17,4,7
44,0,2,4,2,4,2,1,5033,2,1,15,3,4,10,3,2,0,2,2
34,1,2,4,2,1,1,1,2307,1,2,23,4,2,5,3,5,2,3,0
56,1,2,2,2,3,1,4,2587,1,1,16,3,4,5,3,4,2,1,0
36,0,3,2,2,2,2,2,5507,2,1,16,3,3,12,1,4,2,1,3
41,0,3,3,1,3,2,2,4393,5,1,21,4,3,14,3,5,4,1,4
42,0,2,3,2,3,3,1,13348,9,1,13,3,2,18,4,13,7,5,7
31,0,3,2,1,3,2,4,6583,2,2,11,3,4,8,3,5,2,1,4
34,0,3,1,1,2,2,4,8103,3,2,12,3,3,9,2,4,2,0,1
31,0,2,3,1,4,1,3,3978,8,1,12,3,2,4,2,2,2,2,2
26,0,2,3,2,4,1,4,2544,0,1,18,3,1,8,3,7,7,7,7
45,0,2,4,2,3,2,3,5399,4,1,12,3,3,12,3,4,2,0,3
33,0,3,4,2,3,2,3,5487,1,1,14,3,2,10,2,10,4,0,9
28,0,3,2,2,2,2,4,6834,1,2,12,3,3,7,3,7,7,0,7
29,1,3,3,2,4,1,1,1091,1,1,17,3,4,1,3,1,0,0,0
39,0,3,4,1,1,2,3,5736,6,1,19,3,3,10,3,3,2,1,2
27,0,2,4,2,3,1,2,2226,1,1,11,3,3,6,2,5,3,1,2
34,0,2,4,2,2,2,4,5747,1,2,15,3,2,16,3,15,10,6,11
28,1,3,2,1,3,2,3,9854,3,2,11,3,4,6,3,2,0,2,2
47,0,2,4,2,3,2,2,5467,8,1,18,3,3,16,4,8,7,1,7
56,0,3,5,1,2,2,1,5380,4,1,16,3,3,6,3,0,0,0,0
39,0,2,2,2,3,2,1,5151,1,1,25,4,4,10,3,10,0,7,9
38,0,2,3,1,2,2,2,2133,1,2,16,3,3,20,3,20,11,0,7
58,0,3,3,1,3,4,4,17875,4,2,13,3,3,29,2,1,0,0,0
32,1,2,2,1,4,1,3,2432,3,2,14,3,1,8,3,4,1,0,3
38,0,2,2,2,3,1,4,4771,2,1,19,3,4,10,4,5,2,0,3
49,0,2,1,2,3,5,4,19161,3,1,15,3,4,28,3,5,4,4,3
42,0,3,4,2,3,2,4,5087,3,2,12,3,3,14,3,0,0,0,0
27,1,1,3,1,2,1,2,2863,1,1,12,3,1,1,3,1,0,0,0
35,0,3,4,2,3,2,1,5561,0,1,16,3,4,6,1,5,3,0,4
28,0,2,3,2,3,1,3,2144,1,1,14,3,3,5,2,5,3,1,4
31,0,2,2,2,3,1,1,3065,1,2,13,3,4,4,4,4,2,2,3
36,0,2,4,2,4,1,2,2810,1,1,22,4,2,5,3,5,4,0,2
34,0,3,3,2,3,3,4,9888,1,1,21,4,1,14,2,14,8,2,1
34,0,3,4,2,3,3,3,8628,1,1,18,3,3,9,2,8,7,1,1
26,0,2,3,2,3,1,1,2867,0,1,13,3,4,8,2,7,7,7,6
29,0,2,3,2,3,2,1,5373,0,1,12,3,1,6,2,5,3,0,2
32,0,2,4,1,3,2,4,6667,5,1,18,3,2,9,3,5,1,1,2
31,0,2,3,2,1,2,1,5003,1,1,21,4,2,10,3,10,8,8,7
28,1,2,3,2,2,1,4,2367,5,1,12,3,1,6,2,4,1,0,3
38,0,3,3,2,2,1,1,2858,4,1,14,3,1,20,2,1,0,0,0
35,0,3,4,1,3,2,4,5204,1,2,11,3,4,10,3,10,8,0,9
27,0,3,3,2,3,2,4,4105,1,1,14,3,1,7,3,7,7,0,7
32,0,2,4,2,2,2,4,9679,8,1,24,4,2,8,3,1,0,0,0
31,1,3,4,2,3,2,4,5617,1,2,11,3,3,10,3,10,7,0,8
53,1,3,4,2,3,3,1,10448,6,2,13,3,2,15,2,2,2,2,2
54,0,2,2,1,3,2,3,2897,3,1,11,3,3,9,2,4,3,2,3
33,0,2,2,2,3,2,3,5968,1,1,20,4,3,9,3,9,7,2,8
43,0,2,3,2,3,3,3,7510,1,1,17,3,2,10,3,10,9,0,9
38,0,1,4,2,3,1,2,2991,0,2,11,3,2,7,3,6,2,1,2
55,0,1,4,2,4,5,2,19636,4,2,18,3,1,35,3,10,9,1,4
31,0,2,1,1,1,1,4,1129,1,2,11,3,3,1,3,1,0,0,0
39,0,3,4,2,3,4,1,13341,0,1,12,3,1,21,3,20,8,11,10
42,0,2,2,2,2,2,3,4332,1,1,12,3,4,20,3,20,9,3,7
31,0,2,3,1,3,3,3,11031,4,1,20,4,3,13,4,11,7,4,8
54,0,2,3,1,3,2,1,4440,6,2,19,3,4,9,3,5,2,1,4
24,0,2,2,2,2,2,3,4617,1,1,12,3,2,4,2,4,3,1,2
23,0,2,2,2,3,1,4,2647,1,1,13,3,3,5,4,5,2,1,4
40,0,2,3,1,3,2,3,6323,1,1,11,3,1,10,4,10,9,9,4
40,0,3,2,1,3,2,2,5677,3,1,14,3,3,15,3,11,8,5,10
25,0,1,3,1,3,1,2,2187,4,1,14,3,3,6,3,2,0,1,2
30,0,2,2,2,3,1,2,3748,1,1,13,3,3,12,2,12,8,1,7
25,0,2,1,2,3,1,3,3977,6,2,19,3,3,7,2,2,2,0,2
47,0,2,3,2,3,3,3,8633,2,1,23,4,2,25,3,17,14,12,11
33,0,2,2,2,2,1,3,2008,1,1,12,3,3,1,2,1,1,0,0
38,0,3,4,2,3,2,2,4440,0,1,15,3,1,16,3,15,13,5,8
31,0,3,2,2,3,1,3,3067,0,1,19,3,3,3,3,2,2,1,2
38,0,2,4,2,2,2,3,5321,2,1,11,3,4,10,3,8,3,7,7
42,0,2,4,2,3,2,1,5410,6,2,17,3,3,9,2,4,3,1,2
41,0,2,3,2,3,1,4,2782,3,1,22,4,1,12,3,5,3,1,0
47,0,2,1,1,3,3,2,11957,0,1,18,3,1,14,1,13,8,5,12
35,0,2,4,2,3,1,3,2660,7,2,11,3,3,5,3,2,2,2,2
22,0,2,2,2,3,1,3,3375,0,1,12,3,4,4,4,3,2,1,2
35,0,2,4,2,3,2,3,5098,1,1,19,3,2,10,3,10,7,0,8
33,0,2,2,1,3,2,4,4878,0,2,13,3,1,10,3,9,7,8,1
32,0,2,4,1,2,1,2,2837,1,1,13,3,3,6,3,6,2,4,1
40,0,2,4,2,3,1,4,2406,8,1,19,3,3,8,2,1,0,0,0
32,0,3,4,2,2,1,2,2269,0,1,14,3,2,3,3,2,2,2,2
39,0,2,1,2,3,2,4,4108,7,1,13,3,1,18,3,7,7,1,7
38,0,2,3,1,1,3,3,13206,3,1,12,3,1,20,3,18,16,1,11
32,0,3,4,1,3,3,4,10422,1,1,19,3,3,14,3,14,10,5,7
37,0,2,3,1,4,3,4,13744,1,2,25,4,1,16,3,16,11,6,8
25,0,3,2,1,3,2,3,4907,0,2,22,4,2,6,2,5,3,0,4
52,0,3,4,2,3,1,4,3482,2,1,15,3,2,16,2,9,8,0,0
44,0,2,3,2,3,1,4,2436,6,2,12,3,3,6,3,4,3,1,2
21,0,3,1,2,3,1,1,2380,1,2,11,3,4,2,3,2,2,1,2
39,0,2,3,2,3,5,4,19431,2,1,13,3,3,21,2,6,0,1,3
23,1,3,3,2,3,1,1,1790,1,1,19,3,1,1,2,1,0,1,0
36,0,3,3,1,2,3,4,7644,0,1,19,3,3,10,3,9,7,3,4
36,0,2,2,1,3,2,2,5131,7,1,13,3,2,18,3,4,2,0,2
56,0,2,4,2,3,2,3,6306,1,1,21,4,1,13,2,13,12,1,9
29,1,2,4,2,3,1,4,4787,9,2,14,3,2,4,4,2,2,2,2
42,0,2,3,2,3,5,3,18880,5,1,11,3,1,24,2,22,6,4,14
56,1,2,2,2,3,1,3,2339,8,1,11,3,4,14,1,10,9,9,8
41,0,2,4,1,2,4,2,13570,0,1,23,4,3,21,3,20,7,0,10
34,0,3,3,1,2,2,3,6712,1,1,21,4,4,8,3,8,7,1,7
36,0,3,4,2,1,2,4,5406,1,1,24,4,1,15,2,15,12,11,11
41,0,3,3,2,2,2,2,8938,2,1,11,3,3,14,3,5,4,0,4
32,0,2,3,2,3,1,1,2439,1,1,14,3,4,4,3,4,2,1,2
35,0,1,4,1,3,3,4,8837,1,2,16,3,3,9,3,9,0,1,7
38,0,3,2,1,3,2,4,5343,1,1,11,3,3,10,3,10,7,1,9
50,1,3,4,2,3,2,3,6728,7,1,12,3,4,12,3,6,3,0,1
36,0,3,4,1,2,2,4,6652,4,1,13,3,1,8,2,6,3,0,0
45,0,3,3,1,3,2,3,4850,8,1,15,3,3,8,3,5,3,0,1
40,0,2,4,2,2,1,3,2809,2,1,14,3,4,8,3,2,2,2,2
35,0,2,4,2,3,2,3,5689,1,2,14,3,4,10,4,10,2,0,2
40,0,2,4,1,3,1,3,2001,2,1,14,3,2,20,3,5,3,0,2
35,0,2,4,1,1,1,4,2977,1,1,12,3,4,4,3,4,3,1,1
29,0,2,2,2,2,2,2,4025,4,2,13,3,1,10,3,4,3,0,3
29,0,2,4,1,2,1,1,3785,1,1,14,3,2,5,1,5,4,0,4
50,1,3,3,2,2,3,1,10854,4,2,13,3,2,20,3,3,2,2,0
39,0,3,1,1,2,4,4,12031,0,1,11,3,1,21,2,20,9,9,6
31,0,2,3,2,3,2,1,9936,0,1,19,3,2,10,3,9,4,1,7
26,0,3,3,1,2,1,3,2966,0,1,18,3,4,5,3,4,2,0,0
36,0,2,2,2,4,2,4,2571,4,1,17,3,3,17,3,5,2,0,3
39,0,2,1,2,2,3,1,9991,4,1,15,3,1,9,3,7,7,1,7
27,0,2,3,2,4,2,2,6142,1,2,20,4,2,6,3,6,2,0,3
49,0,3,3,2,2,2,2,5390,2,1,14,3,4,17,2,9,6,0,8
34,0,2,3,2,4,2,3,4404,2,1,12,3,1,6,4,4,3,1,2
